,No.,Code,Nama,Tanggal Pencatatan,Saham,Papan,Code-Nama
0,1,AALI,Astra Agro Lestari Tbk.,09 Des 1997,1924688333,UTAMA,Astra Agro Lestari Tbk. (AALI)
1,2,ABBA,Mahaka Media Tbk.,2002-04-03 00:00:00,2755125000,Pengembangan,Mahaka Media Tbk. (ABBA)
2,3,ABDA,Asuransi Bina Dana Arta Tbk.,1989-07-06 00:00:00,620806680,PENGEMBANGAN,Asuransi Bina Dana Arta Tbk. (ABDA)
3,4,ABMM,ABM Investama Tbk.,06 Des 2011,2753165000,Utama,ABM Investama Tbk. (ABMM)
4,5,ACES,Ace Hardware Indonesia Tbk.,2007-11-06 00:00:00,17150000000,Utama,Ace Hardware Indonesia Tbk. (ACES)
5,6,ACST,Acset Indonusa Tbk.,2013-06-24 00:00:00,12675160000,Utama,Acset Indonusa Tbk. (ACST)
6,7,ADES,Akasha Wira International Tbk.,1994-06-13 00:00:00,589896800,PENGEMBANGAN,Akasha Wira International Tbk. (ADES)
7,8,ADHI,Adhi Karya (Persero) Tbk.,2004-03-18 00:00:00,3560849376,Utama,Adhi Karya (Persero) Tbk. (ADHI)
8,9,ADMF,Adira Dinamika Multi Finance T,2004-03-31 00:00:00,1000000000,Utama,Adira Dinamika Multi Finance T (ADMF)
9,10,ADMG,Polychem Indonesia Tbk,20 Okt 1993,3889179559,Utama,Polychem Indonesia Tbk (ADMG)
10,11,ADRO,Adaro Energy Tbk.,2008-07-16 00:00:00,31985962000,Utama,Adaro Energy Tbk. (ADRO)
11,12,AGAR,Asia Sejahtera Mina Tbk.,02 Des 2019,1000000000,Pengembangan,Asia Sejahtera Mina Tbk. (AGAR)
12,13,AGII,Aneka Gas Industri Tbk.,2016-09-28 00:00:00,3066660000,Utama,Aneka Gas Industri Tbk. (AGII)
13,14,AGRO,Bank Raya Indonesia Tbk.,08 Ags 2003,22530600045,Utama,Bank Raya Indonesia Tbk. (AGRO)
14,15,AGRS,Bank IBK Indonesia Tbk.,22 Des 2014,17481603282,Pengembangan,Bank IBK Indonesia Tbk. (AGRS)
15,16,AHAP,Asuransi Harta Aman Pratama Tb,1990-09-14 00:00:00,2940000000,Pengembangan,Asuransi Harta Aman Pratama Tb (AHAP)
16,17,AIMS,Akbar Indo Makmur Stimec Tbk,2001-07-20 00:00:00,220000000,Pengembangan,Akbar Indo Makmur Stimec Tbk (AIMS)
17,18,AISA,FKS Food Sejahtera Tbk.,1997-06-11 00:00:00,9311800000,Utama,FKS Food Sejahtera Tbk. (AISA)
18,19,AKKU,Anugerah Kagum Karya Utama Tbk,2004-11-01 00:00:00,6449463636,Pengembangan,Anugerah Kagum Karya Utama Tbk (AKKU)
19,20,AKPI,Argha Karya Prima Industry Tbk,18 Des 1992,612248000,Pengembangan,Argha Karya Prima Industry Tbk (AKPI)
20,21,AKRA,AKR Corporindo Tbk.,03 Okt 1994,4014694920,Utama,AKR Corporindo Tbk. (AKRA)
21,22,AKSI,Maming Enam Sembilan Mineral T,2001-07-13 00:00:00,720000000,Pengembangan,Maming Enam Sembilan Mineral T (AKSI)
22,23,ALDO,Alkindo Naratama Tbk.,2011-07-12 00:00:00,1101650588,Pengembangan,Alkindo Naratama Tbk. (ALDO)
23,24,ALKA,Alakasa Industrindo Tbk,1990-07-12 00:00:00,507665055,Pengembangan,Alakasa Industrindo Tbk (ALKA)
24,25,ALMI,Alumindo Light Metal Industry,1997-01-02 00:00:00,616000000,Pengembangan,Alumindo Light Metal Industry (ALMI)
25,26,ALTO,Tri Banyan Tirta Tbk.,2012-07-10 00:00:00,2191870558,Utama,Tri Banyan Tirta Tbk. (ALTO)
26,27,AMAG,Asuransi Multi Artha Guna Tbk.,23 Des 2005,5001552516,Pengembangan,Asuransi Multi Artha Guna Tbk. (AMAG)
27,28,AMAN,Makmur Berkah Amanda Tbk.,2020-03-13 00:00:00,3873500000,Utama,Makmur Berkah Amanda Tbk. (AMAN)
28,29,AMAR,Bank Amar Indonesia Tbk.,2020-01-09 00:00:00,7954749000,Pengembangan,Bank Amar Indonesia Tbk. (AMAR)
29,30,AMFG,Asahimas Flat Glass Tbk.,1995-11-08 00:00:00,434000000,Utama,Asahimas Flat Glass Tbk. (AMFG)
30,31,AMIN,Ateliers Mecaniques D Indonesi,10 Des 2015,1080000000,Pengembangan,Ateliers Mecaniques D Indonesi (AMIN)
31,32,AMOR,Ashmore Asset Management Indon,2020-01-14 00:00:00,2222222400,Pengembangan,Ashmore Asset Management Indon (AMOR)
32,33,AMRT,Sumber Alfaria Trijaya Tbk.,2009-01-15 00:00:00,41524501700,Utama,Sumber Alfaria Trijaya Tbk. (AMRT)
33,34,ANDI,Andira Agro Tbk.,16 Ags 2018,9350000000,Pengembangan,Andira Agro Tbk. (ANDI)
34,35,ANJT,Austindo Nusantara Jaya Tbk.,08 Mei 2013,3354175000,Utama,Austindo Nusantara Jaya Tbk. (ANJT)
35,36,ANTM,Aneka Tambang Tbk.,1997-11-27 00:00:00,24030764725,Utama,Aneka Tambang Tbk. (ANTM)
36,37,APEX,Apexindo Pratama Duta Tbk.,2013-06-05 00:00:00,2659850000,Pengembangan,Apexindo Pratama Duta Tbk. (APEX)
37,38,APIC,Pacific Strategic Financial Tb,18 Des 2002,11766313488,Pengembangan,Pacific Strategic Financial Tb (APIC)
38,39,APII,Arita Prima Indonesia Tbk.,29 Okt 2013,1075760000,Pengembangan,Arita Prima Indonesia Tbk. (APII)
39,40,APLI,Asiaplast Industries Tbk.,01 Mei 2000,1362671400,Utama,Asiaplast Industries Tbk. (APLI)
40,41,APLN,Agung Podomoro Land Tbk.,2010-11-11 00:00:00,22699326779,Utama,Agung Podomoro Land Tbk. (APLN)
41,42,ARCI,Archi Indonesia Tbk.,2021-06-28 00:00:00,24835000000,Utama,Archi Indonesia Tbk. (ARCI)
42,43,ARGO,Argo Pantes Tbk,1991-01-07 00:00:00,335557450,Pengembangan,Argo Pantes Tbk (ARGO)
43,44,ARII,Atlas Resources Tbk.,2011-11-08 00:00:00,3131000000,Pengembangan,Atlas Resources Tbk. (ARII)
44,45,ARKA,Arkha Jayanti Persada Tbk.,2019-07-10 00:00:00,2000000000,Pengembangan,Arkha Jayanti Persada Tbk. (ARKA)
45,46,ARMY,Armidian Karyatama Tbk.,2017-06-21 00:00:00,9006250000,Pengembangan,Armidian Karyatama Tbk. (ARMY)
46,47,ARNA,Arwana Citramulia Tbk.,2001-07-17 00:00:00,7341430976,UTAMA,Arwana Citramulia Tbk. (ARNA)
47,48,ARTA,Arthavest Tbk,2002-11-05 00:00:00,446674175,PENGEMBANGAN,Arthavest Tbk (ARTA)
48,49,ARTI,Ratu Prabu Energi Tbk,2003-04-30 00:00:00,7840000000,Utama,Ratu Prabu Energi Tbk (ARTI)
49,50,ARTO,Bank Jago Tbk.,2016-01-12 00:00:00,13717687500,Pengembangan,Bank Jago Tbk. (ARTO)
50,51,ASBI,Asuransi Bintang Tbk.,1989-11-29 00:00:00,348386472,Pengembangan,Asuransi Bintang Tbk. (ASBI)
51,52,ASDM,Asuransi Dayin Mitra Tbk.,15 Des 1989,192000000,Utama,Asuransi Dayin Mitra Tbk. (ASDM)
52,53,ASGR,Astra Graphia Tbk.,1989-11-15 00:00:00,1348780500,Utama,Astra Graphia Tbk. (ASGR)
53,54,ASII,Astra International Tbk.,1990-04-04 00:00:00,40483553140,Utama,Astra International Tbk. (ASII)
54,55,ASJT,Asuransi Jasa Tania Tbk.,23 Des 2003,1288890696,Pengembangan,Asuransi Jasa Tania Tbk. (ASJT)
55,56,ASMI,Asuransi Maximus Graha Persada,2014-01-16 00:00:00,8958380460,Utama,Asuransi Maximus Graha Persada (ASMI)
56,57,ASPI,Andalan Sakti Primaindo Tbk.,2020-02-17 00:00:00,681794825,Pengembangan,Andalan Sakti Primaindo Tbk. (ASPI)
57,58,ASRI,Alam Sutera Realty Tbk.,18 Des 2007,19649411888,Utama,Alam Sutera Realty Tbk. (ASRI)
58,59,ASRM,Asuransi Ramayana Tbk.,1990-03-19 00:00:00,304283840,PENGEMBANGAN,Asuransi Ramayana Tbk. (ASRM)
59,60,ASSA,Adi Sarana Armada Tbk.,2012-11-12 00:00:00,3561722712,Utama,Adi Sarana Armada Tbk. (ASSA)
60,61,ATAP,Trimitra Prawara Goldland Tbk.,11 Des 2020,1250000000,Pengembangan,Trimitra Prawara Goldland Tbk. (ATAP)
61,62,ATIC,Anabatic Technologies Tbk.,2015-07-08 00:00:00,2315361355,Utama,Anabatic Technologies Tbk. (ATIC)
62,63,AUTO,Astra Otoparts Tbk.,1998-06-15 00:00:00,4819733000,UTAMA,Astra Otoparts Tbk. (AUTO)
63,64,AVIA,Avia Avian Tbk.,08 Des 2021,61953555600,Utama,Avia Avian Tbk. (AVIA)
64,65,AYLS,Agro Yasa Lestari Tbk.,2020-02-12 00:00:00,853423236,PENGEMBANGAN,Agro Yasa Lestari Tbk. (AYLS)
65,66,BABP,Bank MNC Internasional Tbk.,2002-07-15 00:00:00,29117426984,Pengembangan,Bank MNC Internasional Tbk. (BABP)
66,67,BACA,Bank Capital Indonesia Tbk.,04 Okt 2007,7007631739,Pengembangan,Bank Capital Indonesia Tbk. (BACA)
67,68,BAJA,Saranacentral Bajatama Tbk.,21 Des 2011,1800000000,Pengembangan,Saranacentral Bajatama Tbk. (BAJA)
68,69,BALI,Bali Towerindo Sentra Tbk.,2014-03-13 00:00:00,3934592500,Utama,Bali Towerindo Sentra Tbk. (BALI)
69,70,BANK,Bank Aladin Syariah Tbk.,2021-02-01 00:00:00,13109553746,Pengembangan,Bank Aladin Syariah Tbk. (BANK)
70,71,BAPA,Bekasi Asri Pemula Tbk.,2008-01-14 00:00:00,661784520,Utama,Bekasi Asri Pemula Tbk. (BAPA)
71,72,BAPI,Bhakti Agung Propertindo Tbk.,2019-09-16 00:00:00,5591751786,Pengembangan,Bhakti Agung Propertindo Tbk. (BAPI)
72,73,BATA,Sepatu Bata Tbk.,1982-03-24 00:00:00,1300000000,Utama,Sepatu Bata Tbk. (BATA)
73,74,BAYU,Bayu Buana Tbk,30 Okt 1989,353220780,PENGEMBANGAN,Bayu Buana Tbk (BAYU)
74,75,BBCA,Bank Central Asia Tbk.,31 Mei 2000,122042299500,Utama,Bank Central Asia Tbk. (BBCA)
75,76,BBHI,Allo Bank Indonesia Tbk.,12 Ags 2015,11566104235,Pengembangan,Allo Bank Indonesia Tbk. (BBHI)
76,77,BBKP,Bank KB Bukopin Tbk.,2006-07-10 00:00:00,67019885160,Utama,Bank KB Bukopin Tbk. (BBKP)
77,78,BBLD,Buana Finance Tbk.,07 Mei 1990,1645796054,Pengembangan,Buana Finance Tbk. (BBLD)
78,79,BBMD,Bank Mestika Dharma Tbk.,2013-07-08 00:00:00,4049189100,Utama,Bank Mestika Dharma Tbk. (BBMD)
79,80,BBNI,Bank Negara Indonesia (Persero,1996-11-25 00:00:00,18462169893,Utama,Bank Negara Indonesia (Persero (BBNI)
80,81,BBRI,Bank Rakyat Indonesia (Persero,2003-11-10 00:00:00,150043411587,Utama,Bank Rakyat Indonesia (Persero (BBRI)
81,82,BBRM,Pelayaran Nasional Bina Buana,2013-01-09 00:00:00,5367076248,Utama,Pelayaran Nasional Bina Buana (BBRM)
82,83,BBSI,Bank Bisnis Internasional Tbk.,2020-09-07 00:00:00,3276897743,Pengembangan,Bank Bisnis Internasional Tbk. (BBSI)
83,84,BBSS,Bumi Benowo Sukses Sejahtera T,2020-04-15 00:00:00,4800016020,Pengembangan,Bumi Benowo Sukses Sejahtera T (BBSS)
84,85,BBTN,Bank Tabungan Negara (Persero),17 Des 2009,10484100000,Utama,Bank Tabungan Negara (Persero) (BBTN)
85,86,BBYB,Bank Neo Commerce Tbk.,2015-01-13 00:00:00,9346736640,Utama,Bank Neo Commerce Tbk. (BBYB)
86,87,BCAP,MNC Kapital Indonesia Tbk.,2001-06-08 00:00:00,42618850927,Utama,MNC Kapital Indonesia Tbk. (BCAP)
87,88,BCIC,Bank JTrust Indonesia Tbk.,1997-06-25 00:00:00,14042260836,Pengembangan,Bank JTrust Indonesia Tbk. (BCIC)
88,89,BCIP,Bumi Citra Permai Tbk.,11 Des 2009,1429915525,Pengembangan,Bumi Citra Permai Tbk. (BCIP)
89,90,BDMN,Bank Danamon Indonesia Tbk.,06 Des 1989,9675817341,Utama,Bank Danamon Indonesia Tbk. (BDMN)
90,91,BEBS,Berkah Beton Sadaya Tbk.,2021-03-10 00:00:00,9000000000,Pengembangan,Berkah Beton Sadaya Tbk. (BEBS)
91,92,BEEF,Estika Tata Tiara Tbk.,2019-01-10 00:00:00,1884312595,Pengembangan,Estika Tata Tiara Tbk. (BEEF)
92,93,BEKS,Bank Pembangunan Daerah Banten,2001-07-13 00:00:00,51351733883,Pengembangan,Bank Pembangunan Daerah Banten (BEKS)
93,94,BELL,Trisula Textile Industries Tbk,03 Okt 2017,7250000000,PENGEMBANGAN,Trisula Textile Industries Tbk (BELL)
94,95,BESS,Batulicin Nusantara Maritim Tb,2020-03-09 00:00:00,3410608260,Pengembangan,Batulicin Nusantara Maritim Tb (BESS)
95,96,BEST,Bekasi Fajar Industrial Estate,2012-04-10 00:00:00,9647311150,Utama,Bekasi Fajar Industrial Estate (BEST)
96,97,BFIN,BFI Finance Indonesia Tbk.,16 Mei 1990,15967115620,Utama,BFI Finance Indonesia Tbk. (BFIN)
97,98,BGTG,Bank Ganesha Tbk.,12 Mei 2016,11063309400,Pengembangan,Bank Ganesha Tbk. (BGTG)
98,99,BHAT,Bhakti Multi Artha Tbk.,2020-04-15 00:00:00,5000000000,Pengembangan,Bhakti Multi Artha Tbk. (BHAT)
99,100,BHIT,MNC Investama Tbk.,1997-11-24 00:00:00,86068156705,Utama,MNC Investama Tbk. (BHIT)
100,101,BIKA,Binakarya Jaya Abadi Tbk.,2015-07-14 00:00:00,592280000,Pengembangan,Binakarya Jaya Abadi Tbk. (BIKA)
101,102,BIMA,Primarindo Asia Infrastructure,30 Ags 1994,608175716,Pengembangan,Primarindo Asia Infrastructure (BIMA)
102,103,BINA,Bank Ina Perdana Tbk.,2014-01-16 00:00:00,5877722813,Utama,Bank Ina Perdana Tbk. (BINA)
103,104,BINO,Perma Plasindo Tbk.,2021-11-25 00:00:00,2175000000,Pengembangan,Perma Plasindo Tbk. (BINO)
104,105,BIPI,Astrindo Nusantara Infrastrukt,2010-02-11 00:00:00,44693066193,Pengembangan,Astrindo Nusantara Infrastrukt (BIPI)
105,106,BIPP,Bhuwanatala Indah Permai Tbk.,23 Okt 1995,5028669366,Pengembangan,Bhuwanatala Indah Permai Tbk. (BIPP)
106,107,BIRD,Blue Bird Tbk.,2014-11-05 00:00:00,2502100000,UTAMA,Blue Bird Tbk. (BIRD)
107,108,BISI,BISI International Tbk.,28 Mei 2007,3000000000,UTAMA,BISI International Tbk. (BISI)
108,109,BJBR,Bank Pembangunan Daerah Jawa B,2010-07-08 00:00:00,9740399289,Utama,Bank Pembangunan Daerah Jawa B (BJBR)
109,110,BJTM,Bank Pembangunan Daerah Jawa T,2012-07-12 00:00:00,14865343101,Utama,Bank Pembangunan Daerah Jawa T (BJTM)
110,111,BKDP,Bukit Darmo Property Tbk,2007-06-15 00:00:00,7513992252,Pengembangan,Bukit Darmo Property Tbk (BKDP)
111,112,BKSL,Sentul City Tbk.,1997-07-28 00:00:00,67083561082,Utama,Sentul City Tbk. (BKSL)
112,113,BKSW,Bank QNB Indonesia Tbk.,2002-11-21 00:00:00,20232319124,Pengembangan,Bank QNB Indonesia Tbk. (BKSW)
113,114,BLTA,Berlian Laju Tanker Tbk,1990-03-26 00:00:00,25940187103,Utama,Berlian Laju Tanker Tbk (BLTA)
114,115,BLTZ,Graha Layar Prima Tbk.,2014-04-10 00:00:00,873937142,Pengembangan,Graha Layar Prima Tbk. (BLTZ)
115,116,BLUE,Berkah Prima Perkasa Tbk.,2019-07-08 00:00:00,418000000,Pengembangan,Berkah Prima Perkasa Tbk. (BLUE)
116,117,BMAS,Bank Maspion Indonesia Tbk.,2013-07-11 00:00:00,4399026922,Pengembangan,Bank Maspion Indonesia Tbk. (BMAS)
117,118,BMHS,Bundamedik Tbk.,2021-07-06 00:00:00,8603416176,Utama,Bundamedik Tbk. (BMHS)
118,119,BMRI,Bank Mandiri (Persero) Tbk.,2003-07-14 00:00:00,46199999998,Utama,Bank Mandiri (Persero) Tbk. (BMRI)
119,120,BMSR,Bintang Mitra Semestaraya Tbk,29 Des 1999,1159200024,Utama,Bintang Mitra Semestaraya Tbk (BMSR)
120,121,BMTR,Global Mediacom Tbk.,1995-07-17 00:00:00,16583997586,Utama,Global Mediacom Tbk. (BMTR)
121,122,BNBA,Bank Bumi Arta Tbk.,2006-06-01 00:00:00,2286900000,Utama,Bank Bumi Arta Tbk. (BNBA)
122,123,BNBR,Bakrie & Brothers Tbk,28 Ags 1989,21160865261,Pengembangan,Bakrie & Brothers Tbk (BNBR)
123,124,BNGA,Bank CIMB Niaga Tbk.,1989-11-29 00:00:00,24880290775,Utama,Bank CIMB Niaga Tbk. (BNGA)
124,125,BNII,Bank Maybank Indonesia Tbk.,1989-11-21 00:00:00,75357433911,Utama,Bank Maybank Indonesia Tbk. (BNII)
125,126,BNLI,Bank Permata Tbk.,1990-01-15 00:00:00,35819545925,Utama,Bank Permata Tbk. (BNLI)
126,127,BOBA,Formosa Ingredient Factory Tbk,2021-11-01 00:00:00,1155750000,Pengembangan,Formosa Ingredient Factory Tbk (BOBA)
127,128,BOGA,Bintang Oto Global Tbk.,19 Des 2016,3803526210,Pengembangan,Bintang Oto Global Tbk. (BOGA)
128,129,BOLA,Bali Bintang Sejahtera Tbk.,2019-06-17 00:00:00,6000000000,Pengembangan,Bali Bintang Sejahtera Tbk. (BOLA)
129,130,BOLT,Garuda Metalindo Tbk.,2015-07-07 00:00:00,2343750000,Pengembangan,Garuda Metalindo Tbk. (BOLT)
130,131,BOSS,Borneo Olah Sarana Sukses Tbk.,2018-02-15 00:00:00,1400000000,Pengembangan,Borneo Olah Sarana Sukses Tbk. (BOSS)
131,132,BPFI,Batavia Prosperindo Finance Tb,2009-06-01 00:00:00,1782663575,Pengembangan,Batavia Prosperindo Finance Tb (BPFI)
132,133,BPII,Batavia Prosperindo Internasio,2014-07-08 00:00:00,562224662,Pengembangan,Batavia Prosperindo Internasio (BPII)
133,134,BPTR,Batavia Prosperindo Trans Tbk.,2018-07-09 00:00:00,1550000000,Utama,Batavia Prosperindo Trans Tbk. (BPTR)
134,135,BRAM,Indo Kordsa Tbk.,1990-09-05 00:00:00,450000000,Utama,Indo Kordsa Tbk. (BRAM)
135,136,BRIS,Bank Syariah Indonesia Tbk.,09 Mei 2018,40717924372,Utama,Bank Syariah Indonesia Tbk. (BRIS)
136,137,BRMS,Bumi Resources Minerals Tbk.,09 Des 2010,118153366949,Pengembangan,Bumi Resources Minerals Tbk. (BRMS)
137,138,BRNA,Berlina Tbk.,1989-11-06 00:00:00,979110000,Pengembangan,Berlina Tbk. (BRNA)
138,139,BRPT,Barito Pacific Tbk.,01 Okt 1993,93747218044,Utama,Barito Pacific Tbk. (BRPT)
139,140,BSDE,Bumi Serpong Damai Tbk.,2008-06-06 00:00:00,21171365812,Utama,Bumi Serpong Damai Tbk. (BSDE)
140,141,BSIM,Bank Sinarmas Tbk.,13 Des 2010,19517921842,Utama,Bank Sinarmas Tbk. (BSIM)
141,142,BSML,Bintang Samudera Mandiri Lines,16 Des 2021,1850225000,Pengembangan,Bintang Samudera Mandiri Lines (BSML)
142,143,BSSR,Baramulti Suksessarana Tbk.,2012-11-08 00:00:00,2616500000,Pengembangan,Baramulti Suksessarana Tbk. (BSSR)
143,144,BSWD,Bank Of India Indonesia Tbk.,01 Mei 2002,1374912000,Pengembangan,Bank Of India Indonesia Tbk. (BSWD)
144,145,BTEK,Bumi Teknokultura Unggul Tbk,14 Mei 2004,46277496376,Pengembangan,Bumi Teknokultura Unggul Tbk (BTEK)
145,146,BTEL,Bakrie Telecom Tbk.,2006-02-03 00:00:00,36822665755,Utama,Bakrie Telecom Tbk. (BTEL)
146,147,BTON,Betonjaya Manunggal Tbk.,2001-07-18 00:00:00,720000000,PENGEMBANGAN,Betonjaya Manunggal Tbk. (BTON)
147,148,BTPN,Bank BTPN Tbk.,2008-03-12 00:00:00,8066054461,Utama,Bank BTPN Tbk. (BTPN)
148,149,BTPS,Bank BTPN Syariah Tbk.,08 Mei 2018,7626663000,Utama,Bank BTPN Syariah Tbk. (BTPS)
149,150,BUDI,Budi Starch & Sweetener Tbk.,08 Mei 1995,4498997362,UTAMA,Budi Starch & Sweetener Tbk. (BUDI)
150,151,BUKA,Bukalapak.com Tbk.,06 Ags 2021,103062019354,Pengembangan,Bukalapak.com Tbk. (BUKA)
151,152,BUKK,Bukaka Teknik Utama Tbk.,2015-06-29 00:00:00,2640452000,Pengembangan,Bukaka Teknik Utama Tbk. (BUKK)
152,153,BULL,Buana Lintas Lautan Tbk.,23 Mei 2011,13432475163,Utama,Buana Lintas Lautan Tbk. (BULL)
153,154,BUMI,Bumi Resources Tbk.,1990-07-30 00:00:00,74274746007,Pengembangan,Bumi Resources Tbk. (BUMI)
154,155,BUVA,Bukit Uluwatu Villa Tbk.,2010-07-12 00:00:00,6811269200,Pengembangan,Bukit Uluwatu Villa Tbk. (BUVA)
155,156,BVIC,Bank Victoria International Tb,1999-06-30 00:00:00,10382261242,Utama,Bank Victoria International Tb (BVIC)
156,157,BWPT,Eagle High Plantations Tbk.,27 Okt 2009,31525291000,Utama,Eagle High Plantations Tbk. (BWPT)
157,158,BYAN,Bayan Resources Tbk.,12 Ags 2008,3333333500,Utama,Bayan Resources Tbk. (BYAN)
158,159,CAKK,Cahayaputra Asa Keramik Tbk.,31 Okt 2018,1203300219,PENGEMBANGAN,Cahayaputra Asa Keramik Tbk. (CAKK)
159,160,CAMP,Campina Ice Cream Industry Tbk,19 Des 2017,5885000000,Utama,Campina Ice Cream Industry Tbk (CAMP)
160,161,CANI,Capitol Nusantara Indonesia Tb,2014-01-16 00:00:00,833440000,Pengembangan,Capitol Nusantara Indonesia Tb (CANI)
161,162,CARE,Metro Healthcare Indonesia Tbk,2020-03-13 00:00:00,33250000000,PENGEMBANGAN,Metro Healthcare Indonesia Tbk (CARE)
162,163,CARS,Industri dan Perdagangan Bintr,2017-04-10 00:00:00,15000000000,Utama,Industri dan Perdagangan Bintr (CARS)
163,164,CASA,Capital Financial Indonesia Tb,2016-07-19 00:00:00,54476269803,Pengembangan,Capital Financial Indonesia Tb (CASA)
164,165,CASH,Cashlez Worldwide Indonesia Tb,04 Mei 2020,1431125517,Akselerasi,Cashlez Worldwide Indonesia Tb (CASH)
165,166,CASS,Cardig Aero Services Tbk.,05 Des 2011,2086950000,PENGEMBANGAN,Cardig Aero Services Tbk. (CASS)
166,167,CBMF,Cahaya Bintang Medan Tbk.,2020-04-09 00:00:00,1875000000,PENGEMBANGAN,Cahaya Bintang Medan Tbk. (CBMF)
167,168,CCSI,Communication Cable Systems In,2019-06-18 00:00:00,1199999998,Pengembangan,Communication Cable Systems In (CCSI)
168,169,CEKA,Wilmar Cahaya Indonesia Tbk.,1996-07-09 00:00:00,595000000,UTAMA,Wilmar Cahaya Indonesia Tbk. (CEKA)
169,170,CENT,Centratama Telekomunikasi Indo,2001-11-01 00:00:00,31183464900,Pengembangan,Centratama Telekomunikasi Indo (CENT)
170,171,CFIN,Clipan Finance Indonesia Tbk.,27 Ags 1990,3984520457,Utama,Clipan Finance Indonesia Tbk. (CFIN)
171,172,CINT,Chitose Internasional Tbk.,2014-06-27 00:00:00,1000000000,Pengembangan,Chitose Internasional Tbk. (CINT)
172,173,CITA,Cita Mineral Investindo Tbk.,2002-03-20 00:00:00,3960361250,Pengembangan,Cita Mineral Investindo Tbk. (CITA)
173,174,CITY,Natura City Developments Tbk.,2018-09-28 00:00:00,5405188966,Utama,Natura City Developments Tbk. (CITY)
174,175,CLAY,Citra Putra Realty Tbk.,2019-01-18 00:00:00,2570000000,Pengembangan,Citra Putra Realty Tbk. (CLAY)
175,176,CLEO,Sariguna Primatirta Tbk.,05 Mei 2017,12000000000,Utama,Sariguna Primatirta Tbk. (CLEO)
176,177,CLPI,Colorpak Indonesia Tbk.,2001-11-30 00:00:00,306338500,PENGEMBANGAN,Colorpak Indonesia Tbk. (CLPI)
177,178,CMNP,Citra Marga Nusaphala Persada,1995-01-10 00:00:00,5431853297,Utama,Citra Marga Nusaphala Persada (CMNP)
178,179,CMNT,Cemindo Gemilang Tbk.,2021-09-08 00:00:00,17125504000,Utama,Cemindo Gemilang Tbk. (CMNT)
180,181,CMRY,Cisarua Mountain Dairy Tbk.,06 Des 2021,7934683000,Utama,Cisarua Mountain Dairy Tbk. (CMRY)
181,182,CNKO,Exploitasi Energi Indonesia Tb,2001-11-20 00:00:00,8956361206,Utama,Exploitasi Energi Indonesia Tb (CNKO)
182,183,CNTX,Century Textile Industry Tbk.,22 Mei 1979,70000000,Pengembangan,Century Textile Industry Tbk. (CNTX)
183,184,COCO,Wahana Interfood Nusantara Tbk,2019-03-20 00:00:00,588703137,Pengembangan,Wahana Interfood Nusantara Tbk (COCO)
184,185,COWL,Cowell Development Tbk.,19 Des 2007,4871214021,PENGEMBANGAN,Cowell Development Tbk. (COWL)
185,186,CPIN,Charoen Pokphand Indonesia Tbk,1991-03-18 00:00:00,16398000000,UTAMA,Charoen Pokphand Indonesia Tbk (CPIN)
186,187,CPRI,Capri Nusa Satu Properti Tbk.,2019-04-11 00:00:00,2433375005,PENGEMBANGAN,Capri Nusa Satu Properti Tbk. (CPRI)
187,188,CPRO,Central Proteina Prima Tbk.,2006-11-28 00:00:00,59572382787,Utama,Central Proteina Prima Tbk. (CPRO)
188,189,CSAP,Catur Sentosa Adiprana Tbk.,12 Des 2007,4458352920,Utama,Catur Sentosa Adiprana Tbk. (CSAP)
189,190,CSIS,Cahayasakti Investindo Sukses,10 Mei 2017,1307000000,Pengembangan,Cahayasakti Investindo Sukses (CSIS)
190,191,CSMI,Cipta Selera Murni Tbk.,2020-04-09 00:00:00,816061500,Pengembangan,Cipta Selera Murni Tbk. (CSMI)
191,192,CSRA,Cisadane Sawit Raya Tbk.,2020-01-09 00:00:00,2050000000,Utama,Cisadane Sawit Raya Tbk. (CSRA)
192,193,CTBN,Citra Tubindo Tbk.,1989-11-28 00:00:00,800371500,Utama,Citra Tubindo Tbk. (CTBN)
193,194,CTRA,Ciputra Development Tbk.,1994-03-28 00:00:00,18560303397,Utama,Ciputra Development Tbk. (CTRA)
194,195,CTTH,Citatah Tbk.,1996-07-03 00:00:00,1230839821,Pengembangan,Citatah Tbk. (CTTH)
195,196,DADA,Diamond Citra Propertindo Tbk.,2020-02-14 00:00:00,7178140008,Pengembangan,Diamond Citra Propertindo Tbk. (DADA)
196,197,DART,Duta Anggada Realty Tbk.,08 Mei 1990,3141390962,Utama,Duta Anggada Realty Tbk. (DART)
197,198,DAYA,Duta Intidaya Tbk.,2016-06-28 00:00:00,2420547025,Pengembangan,Duta Intidaya Tbk. (DAYA)
198,199,DCII,DCI Indonesia Tbk.,2021-01-06 00:00:00,2383745900,Pengembangan,DCI Indonesia Tbk. (DCII)
199,200,DEAL,Dewata Freightinternational Tb,2018-11-11 00:00:00,1146170959,Pengembangan,Dewata Freightinternational Tb (DEAL)
200,201,DEFI,Danasupra Erapacific Tbk.,2001-07-06 00:00:00,687266666,PENGEMBANGAN,Danasupra Erapacific Tbk. (DEFI)
201,202,DEPO,Caturkarda Depo Bangunan Tbk.,2021-11-25 00:00:00,6790000000,Utama,Caturkarda Depo Bangunan Tbk. (DEPO)
202,203,DEWA,Darma Henwa Tbk,2007-09-26 00:00:00,21853733792,Utama,Darma Henwa Tbk (DEWA)
203,204,DFAM,Dafam Property Indonesia Tbk.,2018-04-27 00:00:00,1899852850,Pengembangan,Dafam Property Indonesia Tbk. (DFAM)
204,205,DGIK,Nusa Konstruksi Enjiniring Tbk,19 Des 2007,5541165000,Utama,Nusa Konstruksi Enjiniring Tbk (DGIK)
205,206,DGNS,Diagnos Laboratorium Utama Tbk,2021-01-15 00:00:00,1250000000,Pengembangan,Diagnos Laboratorium Utama Tbk (DGNS)
206,207,DIGI,Arkadia Digital Media Tbk.,2018-09-18 00:00:00,1625000000,Pengembangan,Arkadia Digital Media Tbk. (DIGI)
207,208,DILD,Intiland Development Tbk.,1991-09-04 00:00:00,10365854185,Utama,Intiland Development Tbk. (DILD)
208,209,DIVA,Distribusi Voucher Nusantara T,2018-11-27 00:00:00,1428571400,Pengembangan,Distribusi Voucher Nusantara T (DIVA)
209,210,DKFT,Central Omega Resources Tbk.,1997-11-21 00:00:00,5638246600,Pengembangan,Central Omega Resources Tbk. (DKFT)
210,211,DLTA,Delta Djakarta Tbk.,1984-02-27 00:00:00,800659050,UTAMA,Delta Djakarta Tbk. (DLTA)
211,212,DMAS,Puradelta Lestari Tbk.,29 Mei 2015,48198111100,Utama,Puradelta Lestari Tbk. (DMAS)
212,213,DMMX,Digital Mediatama Maxima Tbk.,21 Okt 2019,7692307700,Pengembangan,Digital Mediatama Maxima Tbk. (DMMX)
213,214,DMND,Diamond Food Indonesia Tbk.,2020-01-22 00:00:00,9468359000,Utama,Diamond Food Indonesia Tbk. (DMND)
214,215,DNAR,Bank Oke Indonesia Tbk.,2014-07-11 00:00:00,13816569569,Utama,Bank Oke Indonesia Tbk. (DNAR)
215,216,DNET,Indoritel Makmur Internasional,11 Des 2000,14184000000,Pengembangan,Indoritel Makmur Internasional (DNET)
216,217,DOID,Delta Dunia Makmur Tbk.,2001-06-15 00:00:00,8621173232,Utama,Delta Dunia Makmur Tbk. (DOID)
217,218,DPNS,Duta Pertiwi Nusantara Tbk.,08 Ags 1990,331129952,Utama,Duta Pertiwi Nusantara Tbk. (DPNS)
218,219,DPUM,Dua Putra Utama Makmur Tbk.,08 Des 2015,4175000000,Utama,Dua Putra Utama Makmur Tbk. (DPUM)
219,220,DSFI,Dharma Samudera Fishing Indust,2000-03-24 00:00:00,1857135500,UTAMA,Dharma Samudera Fishing Indust (DSFI)
220,221,DSNG,Dharma Satya Nusantara Tbk.,2013-06-14 00:00:00,10599842400,Utama,Dharma Satya Nusantara Tbk. (DSNG)
221,222,DSSA,Dian Swastatika Sentosa Tbk,10 Des 2009,770552320,Utama,Dian Swastatika Sentosa Tbk (DSSA)
222,223,DUCK,Jaya Bersama Indo Tbk.,10 Okt 2018,1283330000,Utama,Jaya Bersama Indo Tbk. (DUCK)
223,224,DUTI,Duta Pertiwi Tbk,1994-11-02 00:00:00,1850000000,Pengembangan,Duta Pertiwi Tbk (DUTI)
224,225,DVLA,Darya-Varia Laboratoria Tbk.,1994-11-11 00:00:00,1120000000,Utama,Darya-Varia Laboratoria Tbk. (DVLA)
225,226,DWGL,Dwi Guna Laksana Tbk.,13 Des 2017,9244713156,Pengembangan,Dwi Guna Laksana Tbk. (DWGL)
226,227,DYAN,Dyandra Media International Tb,2013-03-25 00:00:00,4272964279,Utama,Dyandra Media International Tb (DYAN)
227,228,EAST,Eastparc Hotel Tbk.,2019-07-09 00:00:00,4126366195,Pengembangan,Eastparc Hotel Tbk. (EAST)
228,229,ECII,Electronic City Indonesia Tbk.,2013-07-03 00:00:00,1334333000,PENGEMBANGAN,Electronic City Indonesia Tbk. (ECII)
229,230,EDGE,Indointernet Tbk.,2021-02-08 00:00:00,404050000,Pengembangan,Indointernet Tbk. (EDGE)
230,231,EKAD,Ekadharma International Tbk.,14 Ags 1990,698775000,UTAMA,Ekadharma International Tbk. (EKAD)
231,232,ELSA,Elnusa Tbk.,2008-02-06 00:00:00,7298500000,Utama,Elnusa Tbk. (ELSA)
232,233,ELTY,Bakrieland Development Tbk.,30 Okt 1995,43521913019,UTAMA,Bakrieland Development Tbk. (ELTY)
233,234,EMDE,Megapolitan Developments Tbk.,2011-01-12 00:00:00,3350000000,Pengembangan,Megapolitan Developments Tbk. (EMDE)
234,235,EMTK,Elang Mahkota Teknologi Tbk.,2010-01-12 00:00:00,61197518483,Utama,Elang Mahkota Teknologi Tbk. (EMTK)
235,236,ENRG,Energi Mega Persada Tbk.,2004-06-07 00:00:00,24821230250,Pengembangan,Energi Mega Persada Tbk. (ENRG)
236,237,ENVY,Envy Technologies Indonesia Tb,2019-07-08 00:00:00,1800000000,Pengembangan,Envy Technologies Indonesia Tb (ENVY)
237,238,ENZO,Morenzo Abadi Perkasa Tbk.,2020-09-14 00:00:00,2162545164,PENGEMBANGAN,Morenzo Abadi Perkasa Tbk. (ENZO)
238,239,EPAC,Megalestari Epack Sentosaraya,2020-07-01 00:00:00,3303400000,Pengembangan,Megalestari Epack Sentosaraya (EPAC)
239,240,EPMT,Enseval Putera Megatrading Tbk,01 Ags 1994,2708640000,Pengembangan,Enseval Putera Megatrading Tbk (EPMT)
240,241,ERAA,Erajaya Swasembada Tbk.,14 Des 2011,15950000000,Utama,Erajaya Swasembada Tbk. (ERAA)
241,242,ERTX,Eratex Djaja Tbk.,21 Ags 1990,1286539792,Pengembangan,Eratex Djaja Tbk. (ERTX)
242,243,ESIP,Sinergi Inti Plastindo Tbk.,2019-11-14 00:00:00,640347707,Pengembangan,Sinergi Inti Plastindo Tbk. (ESIP)
243,244,ESSA,Surya Esa Perkasa Tbk.,2012-02-01 00:00:00,15660887000,Utama,Surya Esa Perkasa Tbk. (ESSA)
244,245,ESTA,Esta Multi Usaha Tbk.,2020-03-09 00:00:00,630000000,Pengembangan,Esta Multi Usaha Tbk. (ESTA)
245,246,ESTI,Ever Shine Tex Tbk.,13 Okt 1992,2015208720,UTAMA,Ever Shine Tex Tbk. (ESTI)
246,247,ETWA,Eterindo Wahanatama Tbk,16 Mei 1997,968297000,Utama,Eterindo Wahanatama Tbk (ETWA)
247,248,EXCL,XL Axiata Tbk.,2005-09-29 00:00:00,10724674776,Utama,XL Axiata Tbk. (EXCL)
248,249,FAPA,FAP Agri Tbk.,2021-01-04 00:00:00,3629411800,Pengembangan,FAP Agri Tbk. (FAPA)
249,250,FAST,Fast Food Indonesia Tbk.,11 Mei 1993,3990277158,Pengembangan,Fast Food Indonesia Tbk. (FAST)
250,251,FASW,Fajar Surya Wisesa Tbk.,19 Des 1994,2477888787,Utama,Fajar Surya Wisesa Tbk. (FASW)
251,252,FILM,MD Pictures Tbk.,07 Ags 2018,9511217000,Utama,MD Pictures Tbk. (FILM)
252,253,FIMP,Fimperkasa Utama Tbk.,2021-04-09 00:00:00,400000775,Akselerasi,Fimperkasa Utama Tbk. (FIMP)
253,254,FIRE,Alfa Energi Investama Tbk.,2017-06-09 00:00:00,1475363179,Pengembangan,Alfa Energi Investama Tbk. (FIRE)
254,255,FISH,FKS Multi Agro Tbk.,2002-01-18 00:00:00,480000000,Pengembangan,FKS Multi Agro Tbk. (FISH)
255,256,FITT,Hotel Fitra International Tbk.,2019-06-11 00:00:00,633480487,PENGEMBANGAN,Hotel Fitra International Tbk. (FITT)
256,257,FLMC,Falmaco Nonwoven Industri Tbk.,2021-07-08 00:00:00,781250000,Akselerasi,Falmaco Nonwoven Industri Tbk. (FLMC)
257,258,FMII,Fortune Mate Indonesia Tbk,2000-06-30 00:00:00,2721000000,Pengembangan,Fortune Mate Indonesia Tbk (FMII)
258,259,FOOD,Sentra Food Indonesia Tbk.,2019-01-08 00:00:00,650000000,Pengembangan,Sentra Food Indonesia Tbk. (FOOD)
259,260,FORU,Fortune Indonesia Tbk,2002-01-17 00:00:00,465224000,PENGEMBANGAN,Fortune Indonesia Tbk (FORU)
260,261,FORZ,Forza Land Indonesia Tbk.,2017-04-28 00:00:00,1984009887,UTAMA,Forza Land Indonesia Tbk. (FORZ)
261,262,FPNI,Lotte Chemical Titan Tbk.,2002-03-21 00:00:00,5566414000,Pengembangan,Lotte Chemical Titan Tbk. (FPNI)
262,263,FREN,Smartfren Telecom Tbk.,2006-11-29 00:00:00,308105760639,Utama,Smartfren Telecom Tbk. (FREN)
263,264,FUJI,Fuji Finance Indonesia Tbk.,2019-07-09 00:00:00,1105000000,PENGEMBANGAN,Fuji Finance Indonesia Tbk. (FUJI)
264,265,GAMA,Aksara Global Development Tbk.,2012-07-11 00:00:00,10011027656,UTAMA,Aksara Global Development Tbk. (GAMA)
265,266,GDST,Gunawan Dianjaya Steel Tbk.,23 Des 2009,9242500000,PENGEMBANGAN,Gunawan Dianjaya Steel Tbk. (GDST)
266,267,GDYR,Goodyear Indonesia Tbk.,22 Des 1980,410000000,Utama,Goodyear Indonesia Tbk. (GDYR)
267,268,GEMA,Gema Grahasarana Tbk.,12 Ags 2002,1600000000,Pengembangan,Gema Grahasarana Tbk. (GEMA)
268,269,GEMS,Golden Energy Mines Tbk.,2011-11-17 00:00:00,5882353000,Utama,Golden Energy Mines Tbk. (GEMS)
269,270,GGRM,Gudang Garam Tbk.,27 Ags 1990,1924088000,Utama,Gudang Garam Tbk. (GGRM)
270,271,GGRP,Gunung Raja Paksi Tbk.,2019-09-19 00:00:00,12111376157,Pengembangan,Gunung Raja Paksi Tbk. (GGRP)
271,272,GHON,Gihon Telekomunikasi Indonesia,2018-04-09 00:00:00,550000000,Utama,Gihon Telekomunikasi Indonesia (GHON)
272,273,GIAA,Garuda Indonesia (Persero) Tbk,2011-02-11 00:00:00,25886576254,Utama,Garuda Indonesia (Persero) Tbk (GIAA)
273,274,GJTL,Gajah Tunggal Tbk.,08 Mei 1990,3484800000,Utama,Gajah Tunggal Tbk. (GJTL)
274,275,GLOB,Globe Kita Terang Tbk.,2012-07-10 00:00:00,1111112000,Pengembangan,Globe Kita Terang Tbk. (GLOB)
275,276,GLVA,Galva Technologies Tbk.,23 Des 2019,1500000000,Pengembangan,Galva Technologies Tbk. (GLVA)
276,277,GMFI,Garuda Maintenance Facility Ae,10 Okt 2017,28233511500,Utama,Garuda Maintenance Facility Ae (GMFI)
277,278,GMTD,Gowa Makassar Tourism Developm,11 Des 2000,101538000,Pengembangan,Gowa Makassar Tourism Developm (GMTD)
278,279,GOLD,Visi Telekomunikasi Infrastruk,2010-07-07 00:00:00,1277276000,PENGEMBANGAN,Visi Telekomunikasi Infrastruk (GOLD)
279,280,GOLL,Golden Plantation Tbk.,23 Des 2014,3665000759,Pengembangan,Golden Plantation Tbk. (GOLL)
280,281,GOOD,Garudafood Putra Putri Jaya Tb,10 Okt 2018,36897901455,Utama,Garudafood Putra Putri Jaya Tb (GOOD)
281,282,GPRA,Perdana Gapuraprima Tbk.,10 Okt 2007,4276655336,Utama,Perdana Gapuraprima Tbk. (GPRA)
282,283,GPSO,Geoprima Solusi Tbk.,2021-09-06 00:00:00,666666600,Pengembangan,Geoprima Solusi Tbk. (GPSO)
283,284,GSMF,Equity Development Investment,23 Okt 1989,12512840555,Pengembangan,Equity Development Investment (GSMF)
284,285,GTBO,Garda Tujuh Buana Tbk,2009-07-09 00:00:00,2500000000,Pengembangan,Garda Tujuh Buana Tbk (GTBO)
285,286,GTSI,GTS Internasional Tbk.,2021-09-08 00:00:00,15819142767,Utama,GTS Internasional Tbk. (GTSI)
286,287,GWSA,Greenwood Sejahtera Tbk.,23 Des 2011,7800760000,UTAMA,Greenwood Sejahtera Tbk. (GWSA)
287,288,GZCO,Gozco Plantations Tbk.,15 Mei 2008,6000000000,Utama,Gozco Plantations Tbk. (GZCO)
288,289,HADE,Himalaya Energi Perkasa Tbk.,2004-04-12 00:00:00,2120000000,PENGEMBANGAN,Himalaya Energi Perkasa Tbk. (HADE)
289,290,HAIS,Hasnur Internasional Shipping,2021-09-01 00:00:00,2626250000,Utama,Hasnur Internasional Shipping (HAIS)
290,291,HDFA,Radana Bhaskara Finance Tbk.,10 Mei 2011,6542445783,Utama,Radana Bhaskara Finance Tbk. (HDFA)
291,292,HDIT,Hensel Davest Indonesia Tbk.,2019-07-12 00:00:00,1524680000,Utama,Hensel Davest Indonesia Tbk. (HDIT)
293,294,HEAL,Medikaloka Hermina Tbk.,16 Mei 2018,14890000000,Utama,Medikaloka Hermina Tbk. (HEAL)
294,295,HELI,Jaya Trishindo Tbk.,2018-03-27 00:00:00,832862387,PENGEMBANGAN,Jaya Trishindo Tbk. (HELI)
295,296,HERO,Hero Supermarket Tbk.,21 Ags 1989,4183634000,Utama,Hero Supermarket Tbk. (HERO)
296,297,HEXA,Hexindo Adiperkasa Tbk.,1995-02-13 00:00:00,840000000,Utama,Hexindo Adiperkasa Tbk. (HEXA)
297,298,HITS,Humpuss Intermoda Transportasi,15 Des 1997,7101084801,Utama,Humpuss Intermoda Transportasi (HITS)
298,299,HKMU,HK Metals Utama Tbk.,09 Okt 2018,3221750000,Utama,HK Metals Utama Tbk. (HKMU)
299,300,HMSP,H.M. Sampoerna Tbk.,15 Ags 1990,116318076900,Utama,H.M. Sampoerna Tbk. (HMSP)
300,301,HOKI,Buyung Poetra Sembada Tbk.,2017-06-22 00:00:00,9677752680,Utama,Buyung Poetra Sembada Tbk. (HOKI)
301,302,HOME,Hotel Mandarine Regency Tbk.,2008-07-17 00:00:00,22212194782,PENGEMBANGAN,Hotel Mandarine Regency Tbk. (HOME)
302,303,HOMI,Grand House Mulia Tbk.,2020-09-10 00:00:00,787500000,PENGEMBANGAN,Grand House Mulia Tbk. (HOMI)
303,304,HOPE,Harapan Duta Pertiwi Tbk.,24 Mei 2021,2129167100,PENGEMBANGAN,Harapan Duta Pertiwi Tbk. (HOPE)
304,305,HOTL,Saraswati Griya Lestari Tbk.,2013-01-10 00:00:00,3550001452,Utama,Saraswati Griya Lestari Tbk. (HOTL)
305,306,HRME,Menteng Heritage Realty Tbk.,2019-04-12 00:00:00,5958750000,Pengembangan,Menteng Heritage Realty Tbk. (HRME)
306,307,HRTA,Hartadinata Abadi Tbk.,2017-06-21 00:00:00,4605262400,Utama,Hartadinata Abadi Tbk. (HRTA)
307,308,HRUM,Harum Energy Tbk.,06 Okt 2010,2703620000,Utama,Harum Energy Tbk. (HRUM)
308,309,IATA,Indonesia Transport & Infrastr,2006-09-13 00:00:00,11415812114,Pengembangan,Indonesia Transport & Infrastr (IATA)
309,310,IBFN,Intan Baruprana Finance Tbk.,22 Des 2014,1517332349,Pengembangan,Intan Baruprana Finance Tbk. (IBFN)
310,311,IBST,Inti Bangun Sejahtera Tbk.,31 Ags 2012,1350904927,Utama,Inti Bangun Sejahtera Tbk. (IBST)
311,312,ICBP,Indofood CBP Sukses Makmur Tbk,07 Okt 2010,11661908000,Utama,Indofood CBP Sukses Makmur Tbk (ICBP)
312,313,ICON,Island Concepts Indonesia Tbk.,2005-07-08 00:00:00,1089750000,Pengembangan,Island Concepts Indonesia Tbk. (ICON)
313,314,IDEA,Idea Indonesia Akademi Tbk.,2021-09-09 00:00:00,1062437500,Akselerasi,Idea Indonesia Akademi Tbk. (IDEA)
314,315,IDPR,Indonesia Pondasi Raya Tbk.,10 Des 2015,2003000000,Utama,Indonesia Pondasi Raya Tbk. (IDPR)
315,316,IFII,Indonesia Fibreboard Industry,10 Des 2019,9412000000,Utama,Indonesia Fibreboard Industry (IFII)
316,317,IFSH,Ifishdeco Tbk.,05 Des 2019,2125000000,Pengembangan,Ifishdeco Tbk. (IFSH)
317,318,IGAR,Champion Pacific Indonesia Tbk,1990-11-05 00:00:00,972204500,Utama,Champion Pacific Indonesia Tbk (IGAR)
318,319,IIKP,Inti Agri Resources Tbk,14 Okt 2002,33600000000,Pengembangan,Inti Agri Resources Tbk (IIKP)
319,320,IKAI,Intikeramik Alamasri Industri,1997-06-04 00:00:00,13305799387,Utama,Intikeramik Alamasri Industri (IKAI)
320,321,IKAN,Era Mandiri Cemerlang Tbk.,2020-02-12 00:00:00,833333000,Pengembangan,Era Mandiri Cemerlang Tbk. (IKAN)
321,322,IKBI,Sumi Indo Kabel Tbk.,1991-01-21 00:00:00,1224000000,PENGEMBANGAN,Sumi Indo Kabel Tbk. (IKBI)
322,323,IMAS,Indomobil Sukses Internasional,1993-11-15 00:00:00,3994291039,Utama,Indomobil Sukses Internasional (IMAS)
323,324,IMJS,Indomobil Multi Jasa Tbk.,10 Des 2013,8654325000,Utama,Indomobil Multi Jasa Tbk. (IMJS)
324,325,IMPC,Impack Pratama Industri Tbk.,17 Des 2014,4833500000,Pengembangan,Impack Pratama Industri Tbk. (IMPC)
325,326,INAF,Indofarma Tbk.,2001-04-17 00:00:00,3099267500,Utama,Indofarma Tbk. (INAF)
326,327,INAI,Indal Aluminium Industry Tbk.,05 Des 1994,633600000,PENGEMBANGAN,Indal Aluminium Industry Tbk. (INAI)
327,328,INCF,Indo Komoditi Korpora Tbk.,2016-09-06 00:00:00,1438370465,Pengembangan,Indo Komoditi Korpora Tbk. (INCF)
328,329,INCI,Intanwijaya Internasional Tbk,1990-07-24 00:00:00,196121237,Utama,Intanwijaya Internasional Tbk (INCI)
329,330,INCO,Vale Indonesia Tbk.,16 Mei 1990,9936338720,Utama,Vale Indonesia Tbk. (INCO)
330,331,INDF,Indofood Sukses Makmur Tbk.,1994-07-14 00:00:00,8780426500,Utama,Indofood Sukses Makmur Tbk. (INDF)
331,332,INDO,Royalindo Investa Wijaya Tbk.,2020-01-13 00:00:00,4316404405,PENGEMBANGAN,Royalindo Investa Wijaya Tbk. (INDO)
332,333,INDR,Indo-Rama Synthetics Tbk.,03 Ags 1990,654351707,Utama,Indo-Rama Synthetics Tbk. (INDR)
333,334,INDS,Indospring Tbk.,10 Ags 1990,656249710,Utama,Indospring Tbk. (INDS)
334,335,INDX,Tanah Laut Tbk,17 Mei 2001,437913588,Pengembangan,Tanah Laut Tbk (INDX)
335,336,INDY,Indika Energy Tbk.,2008-06-11 00:00:00,5210192000,Utama,Indika Energy Tbk. (INDY)
336,337,INKP,Indah Kiat Pulp & Paper Tbk.,1990-07-16 00:00:00,5470982941,Utama,Indah Kiat Pulp & Paper Tbk. (INKP)
337,338,INOV,Inocycle Technology Group Tbk.,2019-07-10 00:00:00,1808221900,Pengembangan,Inocycle Technology Group Tbk. (INOV)
338,339,INPC,Bank Artha Graha Internasional,23 Ags 1990,20065450977,Utama,Bank Artha Graha Internasional (INPC)
339,340,INPP,Indonesian Paradise Property T,2004-01-12 00:00:00,11181971732,Pengembangan,Indonesian Paradise Property T (INPP)
340,341,INPS,Indah Prakasa Sentosa Tbk.,2018-04-06 00:00:00,650000000,Pengembangan,Indah Prakasa Sentosa Tbk. (INPS)
341,342,INRU,Toba Pulp Lestari Tbk.,1990-06-18 00:00:00,1388883283,Pengembangan,Toba Pulp Lestari Tbk. (INRU)
342,343,INTA,Intraco Penta Tbk.,23 Ags 1993,3343935022,Pengembangan,Intraco Penta Tbk. (INTA)
343,344,INTD,Inter Delta Tbk,18 Des 1989,591828000,Pengembangan,Inter Delta Tbk (INTD)
344,345,INTP,Indocement Tunggal Prakarsa Tb,05 Des 1989,3681231699,Utama,Indocement Tunggal Prakarsa Tb (INTP)
345,346,IPAC,Era Graharealty Tbk.,2021-06-30 00:00:00,949868500,Akselerasi,Era Graharealty Tbk. (IPAC)
346,347,IPCC,Indonesia Kendaraan Terminal T,2018-07-09 00:00:00,1818384820,Utama,Indonesia Kendaraan Terminal T (IPCC)
347,348,IPCM,Jasa Armada Indonesia Tbk.,22 Des 2017,5284811100,Utama,Jasa Armada Indonesia Tbk. (IPCM)
348,349,IPOL,Indopoly Swakarsa Industry Tbk,2010-07-09 00:00:00,6443379509,Utama,Indopoly Swakarsa Industry Tbk (IPOL)
349,350,IPPE,Indo Pureco Pratama Tbk.,09 Des 2021,4600000000,Pengembangan,Indo Pureco Pratama Tbk. (IPPE)
350,351,IPTV,MNC Vision Networks Tbk.,2019-07-08 00:00:00,42197950841,Utama,MNC Vision Networks Tbk. (IPTV)
351,352,IRRA,Itama Ranoraya Tbk.,15 Okt 2019,1600000000,Pengembangan,Itama Ranoraya Tbk. (IRRA)
352,353,ISAT,Indosat Tbk.,19 Okt 1994,5433933500,Utama,Indosat Tbk. (ISAT)
353,354,ISSP,Steel Pipe Industry of Indones,2013-02-22 00:00:00,7185992035,Utama,Steel Pipe Industry of Indones (ISSP)
354,355,ITIC,Indonesian Tobacco Tbk.,2019-07-04 00:00:00,940720000,Pengembangan,Indonesian Tobacco Tbk. (ITIC)
355,356,ITMA,Sumber Energi Andalan Tbk.,10 Des 1990,870701000,Pengembangan,Sumber Energi Andalan Tbk. (ITMA)
356,357,ITMG,Indo Tambangraya Megah Tbk.,18 Des 2007,1129925000,Utama,Indo Tambangraya Megah Tbk. (ITMG)
357,358,JAST,Jasnita Telekomindo Tbk.,16 Mei 2019,813626700,Pengembangan,Jasnita Telekomindo Tbk. (JAST)
358,359,JAWA,Jaya Agra Wattie Tbk.,30 Mei 2011,3774685500,Utama,Jaya Agra Wattie Tbk. (JAWA)
359,360,JAYA,Armada Berjaya Trans Tbk.,2019-02-21 00:00:00,750000210,Pengembangan,Armada Berjaya Trans Tbk. (JAYA)
360,361,JECC,Jembo Cable Company Tbk.,1992-11-18 00:00:00,151200000,PENGEMBANGAN,Jembo Cable Company Tbk. (JECC)
361,362,JGLE,Graha Andrasentra Propertindo,2016-06-29 00:00:00,22581909405,Pengembangan,Graha Andrasentra Propertindo (JGLE)
362,363,JIHD,Jakarta International Hotels &,1984-02-29 00:00:00,2329040482,Pengembangan,Jakarta International Hotels & (JIHD)
363,364,JKON,Jaya Konstruksi Manggala Prata,04 Des 2007,16308519860,Utama,Jaya Konstruksi Manggala Prata (JKON)
364,365,JKSW,Jakarta Kyoei Steel Works Tbk.,06 Ags 1997,150000000,Pengembangan,Jakarta Kyoei Steel Works Tbk. (JKSW)
365,366,JMAS,Asuransi Jiwa Syariah Jasa Mit,18 Des 2017,1000000000,Pengembangan,Asuransi Jiwa Syariah Jasa Mit (JMAS)
366,367,JPFA,Japfa Comfeed Indonesia Tbk.,23 Okt 1989,11726575201,Utama,Japfa Comfeed Indonesia Tbk. (JPFA)
367,368,JRPT,Jaya Real Property Tbk.,1994-06-29 00:00:00,13750000000,Utama,Jaya Real Property Tbk. (JRPT)
368,369,JSKY,Sky Energy Indonesia Tbk.,2018-03-28 00:00:00,2032540000,Utama,Sky Energy Indonesia Tbk. (JSKY)
369,370,JSMR,Jasa Marga (Persero) Tbk.,2007-11-12 00:00:00,7257871200,Utama,Jasa Marga (Persero) Tbk. (JSMR)
370,371,JSPT,Jakarta Setiabudi Internasiona,1998-01-12 00:00:00,2318736000,Pengembangan,Jakarta Setiabudi Internasiona (JSPT)
371,372,JTPE,Jasuindo Tiga Perkasa Tbk.,2002-04-16 00:00:00,1713012500,Pengembangan,Jasuindo Tiga Perkasa Tbk. (JTPE)
372,373,KAEF,Kimia Farma Tbk.,2001-07-04 00:00:00,5554000000,Utama,Kimia Farma Tbk. (KAEF)
373,374,KARW,ICTSI Jasa Prima Tbk.,20 Des 1994,587152700,Pengembangan,ICTSI Jasa Prima Tbk. (KARW)
374,375,KAYU,Darmi Bersaudara Tbk.,2019-07-04 00:00:00,665000000,Pengembangan,Darmi Bersaudara Tbk. (KAYU)
375,376,KBAG,Karya Bersama Anugerah Tbk.,2020-04-08 00:00:00,7150001507,Pengembangan,Karya Bersama Anugerah Tbk. (KBAG)
376,377,KBLI,KMI Wire & Cable Tbk.,1992-07-06 00:00:00,4007235107,Utama,KMI Wire & Cable Tbk. (KBLI)
377,378,KBLM,Kabelindo Murni Tbk.,1992-06-01 00:00:00,1120000000,PENGEMBANGAN,Kabelindo Murni Tbk. (KBLM)
378,379,KBLV,First Media Tbk.,2000-02-25 00:00:00,1742167907,Pengembangan,First Media Tbk. (KBLV)
379,380,KBRI,Kertas Basuki Rachmat Indonesi,2008-07-11 00:00:00,8687995734,PENGEMBANGAN,Kertas Basuki Rachmat Indonesi (KBRI)
380,381,KDSI,Kedawung Setia Industrial Tbk.,1996-07-29 00:00:00,405000000,Pengembangan,Kedawung Setia Industrial Tbk. (KDSI)
381,382,KEEN,Kencana Energi Lestari Tbk.,2019-09-02 00:00:00,3666312500,Utama,Kencana Energi Lestari Tbk. (KEEN)
382,383,KEJU,Mulia Boga Raya Tbk.,2019-11-25 00:00:00,1500000000,Pengembangan,Mulia Boga Raya Tbk. (KEJU)
383,384,KIAS,Keramika Indonesia Assosiasi T,08 Des 1994,14929100000,Pengembangan,Keramika Indonesia Assosiasi T (KIAS)
384,385,KICI,Kedaung Indah Can Tbk,28 Okt 1993,276000000,UTAMA,Kedaung Indah Can Tbk (KICI)
385,386,KIJA,Kawasan Industri Jababeka Tbk.,1995-01-10 00:00:00,20824888369,Utama,Kawasan Industri Jababeka Tbk. (KIJA)
386,387,KINO,Kino Indonesia Tbk.,11 Des 2015,1428571500,UTAMA,Kino Indonesia Tbk. (KINO)
387,388,KIOS,Kioson Komersial Indonesia Tbk,05 Okt 2017,717239900,Pengembangan,Kioson Komersial Indonesia Tbk (KIOS)
388,389,KJEN,Krida Jaringan Nusantara Tbk.,2019-07-01 00:00:00,500000000,Pengembangan,Krida Jaringan Nusantara Tbk. (KJEN)
389,390,KKGI,Resource Alam Indonesia Tbk.,1991-07-01 00:00:00,5000000000,Utama,Resource Alam Indonesia Tbk. (KKGI)
390,391,KLBF,Kalbe Farma Tbk.,1991-07-30 00:00:00,46875122110,Utama,Kalbe Farma Tbk. (KLBF)
391,392,KMDS,Kurniamitra Duta Sentosa Tbk.,2020-09-07 00:00:00,800000000,Pengembangan,Kurniamitra Duta Sentosa Tbk. (KMDS)
392,393,KMTR,Kirana Megatara Tbk.,2017-06-19 00:00:00,8215366379,Pengembangan,Kirana Megatara Tbk. (KMTR)
393,394,KOBX,Kobexindo Tractors Tbk.,2012-07-05 00:00:00,2272500000,Utama,Kobexindo Tractors Tbk. (KOBX)
394,395,KOIN,Kokoh Inti Arebama Tbk,2008-04-09 00:00:00,980843732,PENGEMBANGAN,Kokoh Inti Arebama Tbk (KOIN)
395,396,KONI,Perdana Bangun Pusaka Tbk,22 Ags 1995,312000000,Pengembangan,Perdana Bangun Pusaka Tbk (KONI)
396,397,KOPI,Mitra Energi Persada Tbk.,04 Mei 2015,697266668,PENGEMBANGAN,Mitra Energi Persada Tbk. (KOPI)
397,398,KOTA,DMS Propertindo Tbk.,2019-07-09 00:00:00,10546185701,UTAMA,DMS Propertindo Tbk. (KOTA)
398,399,KPAL,Steadfast Marine Tbk.,2018-06-08 00:00:00,1069009400,UTAMA,Steadfast Marine Tbk. (KPAL)
399,400,KPAS,Cottonindo Ariesta Tbk.,05 Okt 2018,768043253,Pengembangan,Cottonindo Ariesta Tbk. (KPAS)
400,401,KPIG,MNC Land Tbk.,2000-03-30 00:00:00,80625726664,Pengembangan,MNC Land Tbk. (KPIG)
401,402,KRAH,Grand Kartech Tbk.,2013-11-08 00:00:00,971190000,Pengembangan,Grand Kartech Tbk. (KRAH)
402,403,KRAS,Krakatau Steel (Persero) Tbk.,2010-11-10 00:00:00,19346396900,Utama,Krakatau Steel (Persero) Tbk. (KRAS)
403,404,KREN,Kresna Graha Investama Tbk.,2002-06-28 00:00:00,18208470100,Utama,Kresna Graha Investama Tbk. (KREN)
404,405,KUAS,Ace Oldfields Tbk.,25 Okt 2021,1292570540,Pengembangan,Ace Oldfields Tbk. (KUAS)
405,406,LABA,Ladangbaja Murni Tbk.,2021-06-10 00:00:00,1000000100,Pengembangan,Ladangbaja Murni Tbk. (LABA)
406,407,LAND,Trimitra Propertindo Tbk.,23 Ags 2018,2792620000,Pengembangan,Trimitra Propertindo Tbk. (LAND)
407,408,LAPD,Leyand International Tbk.,2001-07-17 00:00:00,3966350139,Pengembangan,Leyand International Tbk. (LAPD)
408,409,LCGP,Eureka Prima Jakarta Tbk.,2007-07-13 00:00:00,5630000914,Pengembangan,Eureka Prima Jakarta Tbk. (LCGP)
409,410,LCKM,LCK Global Kedaton Tbk.,2018-01-16 00:00:00,1000000000,Pengembangan,LCK Global Kedaton Tbk. (LCKM)
410,411,LEAD,Logindo Samudramakmur Tbk.,11 Des 2013,4049616328,UTAMA,Logindo Samudramakmur Tbk. (LEAD)
411,412,LFLO,Imago Mulia Persada Tbk.,2021-04-07 00:00:00,1301002100,AKSELERASI,Imago Mulia Persada Tbk. (LFLO)
412,413,LIFE,Asuransi Jiwa Sinarmas MSIG Tb,2019-07-09 00:00:00,2100000000,Utama,Asuransi Jiwa Sinarmas MSIG Tb (LIFE)
413,414,LINK,Link Net Tbk.,2014-06-02 00:00:00,2863195484,Utama,Link Net Tbk. (LINK)
414,415,LION,Lion Metal Works Tbk.,20 Ags 1993,520160000,Utama,Lion Metal Works Tbk. (LION)
415,416,LMAS,Limas Indonesia Makmur Tbk,28 Des 2001,787851525,Pengembangan,Limas Indonesia Makmur Tbk (LMAS)
416,417,LMPI,Langgeng Makmur Industri Tbk.,17 Okt 1994,1008517669,PENGEMBANGAN,Langgeng Makmur Industri Tbk. (LMPI)
417,418,LMSH,Lionmesh Prima Tbk.,1990-06-04 00:00:00,96000000,Pengembangan,Lionmesh Prima Tbk. (LMSH)
418,419,LPCK,Lippo Cikarang Tbk,1997-07-24 00:00:00,2679600000,Utama,Lippo Cikarang Tbk (LPCK)
419,420,LPGI,Lippo General Insurance Tbk.,1997-07-22 00:00:00,150000000,UTAMA,Lippo General Insurance Tbk. (LPGI)
420,421,LPIN,Multi Prima Sejahtera Tbk,1990-02-05 00:00:00,425000000,Pengembangan,Multi Prima Sejahtera Tbk (LPIN)
421,422,LPKR,Lippo Karawaci Tbk.,1996-06-28 00:00:00,70898018369,Utama,Lippo Karawaci Tbk. (LPKR)
422,423,LPLI,Star Pacific Tbk,23 Okt 1989,1170432803,Pengembangan,Star Pacific Tbk (LPLI)
423,424,LPPF,Matahari Department Store Tbk.,09 Okt 1989,2626148780,Utama,Matahari Department Store Tbk. (LPPF)
424,425,LPPS,Lenox Pasifik Investama Tbk.,1994-03-28 00:00:00,2588250000,Pengembangan,Lenox Pasifik Investama Tbk. (LPPS)
425,426,LRNA,Eka Sari Lorena Transport Tbk.,2014-04-15 00:00:00,350000022,Pengembangan,Eka Sari Lorena Transport Tbk. (LRNA)
426,427,LSIP,PP London Sumatra Indonesia Tb,1996-07-05 00:00:00,6822863965,Utama,PP London Sumatra Indonesia Tb (LSIP)
427,428,LTLS,Lautan Luas Tbk.,1997-07-21 00:00:00,1560000000,Utama,Lautan Luas Tbk. (LTLS)
428,429,LUCK,Sentral Mitra Informatika Tbk.,2018-11-28 00:00:00,715749640,Pengembangan,Sentral Mitra Informatika Tbk. (LUCK)
429,430,LUCY,Lima Dua Lima Tiga Tbk.,05 Mei 2021,1035000000,Akselerasi,Lima Dua Lima Tiga Tbk. (LUCY)
430,431,MABA,Marga Abhinaya Abadi Tbk.,2017-06-22 00:00:00,15365229912,PENGEMBANGAN,Marga Abhinaya Abadi Tbk. (MABA)
431,432,MAGP,Multi Agro Gemilang Plantation,2013-01-16 00:00:00,9000000004,PENGEMBANGAN,Multi Agro Gemilang Plantation (MAGP)
432,433,MAIN,Malindo Feedmill Tbk.,2006-02-10 00:00:00,2238750000,Utama,Malindo Feedmill Tbk. (MAIN)
433,434,MAMI,Mas Murni Indonesia Tbk,1994-02-09 00:00:00,12299116490,Utama,Mas Murni Indonesia Tbk (MAMI)
434,435,MAPA,Map Aktif Adiperkasa Tbk.,2018-07-05 00:00:00,2850400000,Pengembangan,Map Aktif Adiperkasa Tbk. (MAPA)
435,436,MAPB,MAP Boga Adiperkasa Tbk.,2017-06-21 00:00:00,2170922900,PENGEMBANGAN,MAP Boga Adiperkasa Tbk. (MAPB)
436,437,MAPI,Mitra Adiperkasa Tbk.,2004-11-10 00:00:00,16600000000,Utama,Mitra Adiperkasa Tbk. (MAPI)
437,438,MARI,Mahaka Radio Integra Tbk.,2016-02-11 00:00:00,5252644000,Pengembangan,Mahaka Radio Integra Tbk. (MARI)
438,439,MARK,Mark Dynamics Indonesia Tbk.,2017-07-12 00:00:00,3800000310,UTAMA,Mark Dynamics Indonesia Tbk. (MARK)
439,440,MASA,Multistrada Arah Sarana Tbk.,2005-06-09 00:00:00,9182946945,Utama,Multistrada Arah Sarana Tbk. (MASA)
440,441,MASB,Bank Multiarta Sentosa Tbk.,2021-06-30 00:00:00,1226902970,Pengembangan,Bank Multiarta Sentosa Tbk. (MASB)
441,442,MAYA,Bank Mayapada Internasional Tb,29 Ags 1997,11714045161,Utama,Bank Mayapada Internasional Tb (MAYA)
442,443,MBAP,Mitrabara Adiperdana Tbk.,2014-07-10 00:00:00,1227271952,Pengembangan,Mitrabara Adiperdana Tbk. (MBAP)
443,444,MBSS,Mitrabahtera Segara Sejati Tbk,2011-04-06 00:00:00,1750026639,Utama,Mitrabahtera Segara Sejati Tbk (MBSS)
444,445,MBTO,Martina Berto Tbk.,2011-01-13 00:00:00,1070000000,Utama,Martina Berto Tbk. (MBTO)
445,446,MCAS,M Cash Integrasi Tbk.,2017-11-01 00:00:00,867933300,Pengembangan,M Cash Integrasi Tbk. (MCAS)
446,447,MCOL,Prima Andalan Mandiri Tbk.,2021-09-07 00:00:00,3555560000,Utama,Prima Andalan Mandiri Tbk. (MCOL)
447,448,MCOR,Bank China Construction Bank I,2007-07-03 00:00:00,37540533209,Utama,Bank China Construction Bank I (MCOR)
448,449,MDIA,Intermedia Capital Tbk.,2014-04-11 00:00:00,39215538400,UTAMA,Intermedia Capital Tbk. (MDIA)
449,450,MDKA,Merdeka Copper Gold Tbk.,2015-06-19 00:00:00,22904850815,Pengembangan,Merdeka Copper Gold Tbk. (MDKA)
450,451,MDKI,Emdeki Utama Tbk.,2017-09-25 00:00:00,2530150002,Utama,Emdeki Utama Tbk. (MDKI)
451,452,MDLN,Modernland Realty Tbk.,1993-01-18 00:00:00,12533067322,Utama,Modernland Realty Tbk. (MDLN)
452,453,MDRN,Modern Internasional Tbk.,1991-07-16 00:00:00,7632167798,Utama,Modern Internasional Tbk. (MDRN)
453,454,MEDC,Medco Energi Internasional Tbk,12 Okt 1994,25136231252,Utama,Medco Energi Internasional Tbk (MEDC)
454,455,MEGA,Bank Mega Tbk.,2000-04-17 00:00:00,6894138227,UTAMA,Bank Mega Tbk. (MEGA)
455,456,MERK,Merck Tbk.,1981-07-23 00:00:00,448000000,PENGEMBANGAN,Merck Tbk. (MERK)
456,457,META,Nusantara Infrastructure Tbk.,2001-07-18 00:00:00,17710708194,UTAMA,Nusantara Infrastructure Tbk. (META)
457,458,MFIN,Mandala Multifinance Tbk.,2005-09-06 00:00:00,2650000000,Pengembangan,Mandala Multifinance Tbk. (MFIN)
458,459,MFMI,Multifiling Mitra Indonesia Tb,29 Des 2010,757581000,Pengembangan,Multifiling Mitra Indonesia Tb (MFMI)
459,460,MGLV,Panca Anugrah Wisesa Tbk.,2021-06-08 00:00:00,1900075700,Akselerasi,Panca Anugrah Wisesa Tbk. (MGLV)
460,461,MGNA,Magna Investama Mandiri Tbk.,2014-07-08 00:00:00,1003080977,Pengembangan,Magna Investama Mandiri Tbk. (MGNA)
461,462,MGRO,Mahkota Group Tbk.,2018-07-12 00:00:00,3554445700,Utama,Mahkota Group Tbk. (MGRO)
462,463,MICE,Multi Indocitra Tbk.,21 Des 2005,600000000,PENGEMBANGAN,Multi Indocitra Tbk. (MICE)
463,464,MIDI,Midi Utama Indonesia Tbk.,2010-11-30 00:00:00,2882353000,PENGEMBANGAN,Midi Utama Indonesia Tbk. (MIDI)
464,465,MIKA,Mitra Keluarga Karyasehat Tbk.,2015-03-24 00:00:00,14246349500,Utama,Mitra Keluarga Karyasehat Tbk. (MIKA)
465,466,MINA,Sanurhasta Mitra Tbk.,2017-04-28 00:00:00,6562500000,Pengembangan,Sanurhasta Mitra Tbk. (MINA)
466,467,MIRA,Mitra International Resources,1997-01-30 00:00:00,3961452039,Pengembangan,Mitra International Resources (MIRA)
467,468,MITI,Mitra Investindo Tbk.,1997-07-16 00:00:00,2442988366,Pengembangan,Mitra Investindo Tbk. (MITI)
468,469,MKNT,Mitra Komunikasi Nusantara Tbk,26 Okt 2015,5500000000,Pengembangan,Mitra Komunikasi Nusantara Tbk (MKNT)
469,470,MKPI,Metropolitan Kentjana Tbk.,2009-07-10 00:00:00,948194000,PENGEMBANGAN,Metropolitan Kentjana Tbk. (MKPI)
470,471,MLBI,Multi Bintang Indonesia Tbk.,15 Des 1981,2107000000,UTAMA,Multi Bintang Indonesia Tbk. (MLBI)
471,472,MLIA,Mulia Industrindo Tbk,1994-01-17 00:00:00,1323000000,PENGEMBANGAN,Mulia Industrindo Tbk (MLIA)
472,473,MLPL,Multipolar Tbk.,1989-11-06 00:00:00,14639632470,Utama,Multipolar Tbk. (MLPL)
473,474,MLPT,Multipolar Technology Tbk.,2013-07-08 00:00:00,1875000000,Utama,Multipolar Technology Tbk. (MLPT)
474,475,MMLP,Mega Manunggal Property Tbk.,2015-06-12 00:00:00,6889134608,Pengembangan,Mega Manunggal Property Tbk. (MMLP)
475,476,MNCN,Media Nusantara Citra Tbk.,2007-06-22 00:00:00,15049787710,Utama,Media Nusantara Citra Tbk. (MNCN)
476,477,MOLI,Madusari Murni Indah Tbk.,30 Ags 2018,2724036581,Pengembangan,Madusari Murni Indah Tbk. (MOLI)
477,478,MPMX,Mitra Pinasthika Mustika Tbk.,29 Mei 2013,4462963276,Utama,Mitra Pinasthika Mustika Tbk. (MPMX)
478,479,MPOW,Megapower Makmur Tbk.,2017-07-05 00:00:00,816997053,Pengembangan,Megapower Makmur Tbk. (MPOW)
479,480,MPPA,Matahari Putra Prima Tbk.,21 Des 1992,7899876910,Utama,Matahari Putra Prima Tbk. (MPPA)
480,481,MPRO,Maha Properti Indonesia Tbk.,09 Okt 2018,9942500000,Pengembangan,Maha Properti Indonesia Tbk. (MPRO)
481,482,MRAT,Mustika Ratu Tbk.,1995-07-27 00:00:00,428000000,Utama,Mustika Ratu Tbk. (MRAT)
482,483,MREI,Maskapai Reasuransi Indonesia,1989-09-04 00:00:00,517791681,Pengembangan,Maskapai Reasuransi Indonesia (MREI)
483,484,MSIN,MNC Studios International Tbk.,2018-06-08 00:00:00,11444400000,Utama,MNC Studios International Tbk. (MSIN)
484,485,MSKY,MNC Sky Vision Tbk.,2012-07-09 00:00:00,1994370480,Utama,MNC Sky Vision Tbk. (MSKY)
485,486,MTDL,Metrodata Electronics Tbk.,1990-04-09 00:00:00,2455376917,Utama,Metrodata Electronics Tbk. (MTDL)
486,487,MTEL,Dayamitra Telekomunikasi Tbk.,2021-11-22 00:00:00,83515452844,Utama,Dayamitra Telekomunikasi Tbk. (MTEL)
487,488,MTFN,Capitalinc Investment Tbk.,1990-04-16 00:00:00,31842082852,Pengembangan,Capitalinc Investment Tbk. (MTFN)
488,489,MTLA,Metropolitan Land Tbk.,2011-06-20 00:00:00,7655126330,UTAMA,Metropolitan Land Tbk. (MTLA)
489,490,MTPS,Meta Epsi Tbk.,2019-04-10 00:00:00,2084850829,PENGEMBANGAN,Meta Epsi Tbk. (MTPS)
490,491,MTRA,Mitra Pemuda Tbk.,2016-02-10 00:00:00,770000000,Pengembangan,Mitra Pemuda Tbk. (MTRA)
491,492,MTSM,Metro Realty Tbk.,1992-01-08 00:00:00,232848000,Pengembangan,Metro Realty Tbk. (MTSM)
492,493,MTWI,Malacca Trust Wuwungan Insuran,12 Okt 2017,1525819116,Pengembangan,Malacca Trust Wuwungan Insuran (MTWI)
493,494,MYOH,Samindo Resources Tbk.,2000-07-27 00:00:00,2206312500,Utama,Samindo Resources Tbk. (MYOH)
494,495,MYOR,Mayora Indah Tbk.,1990-07-04 00:00:00,22358699725,Utama,Mayora Indah Tbk. (MYOR)
495,496,MYRX,Hanson International Tbk.,31 Okt 1990,86703220792,Pengembangan,Hanson International Tbk. (MYRX)
496,497,MYTX,Asia Pacific Investama Tbk.,10 Okt 1989,7747281949,UTAMA,Asia Pacific Investama Tbk. (MYTX)
497,498,NASA,Andalan Perkasa Abadi Tbk.,07 Ags 2017,11004929322,Pengembangan,Andalan Perkasa Abadi Tbk. (NASA)
498,499,NASI,Wahana Inti Makmur Tbk.,13 Des 2021,807400000,Pengembangan,Wahana Inti Makmur Tbk. (NASI)
499,500,NATO,Surya Permata Andalan Tbk.,2019-01-18 00:00:00,8001110304,Pengembangan,Surya Permata Andalan Tbk. (NATO)
500,501,NELY,Pelayaran Nelly Dwi Putri Tbk.,11 Okt 2012,2350000000,PENGEMBANGAN,Pelayaran Nelly Dwi Putri Tbk. (NELY)
501,502,NFCX,NFC Indonesia Tbk.,2018-07-12 00:00:00,666667500,Pengembangan,NFC Indonesia Tbk. (NFCX)
502,503,NICK,Charnic Capital Tbk.,02 Mei 2018,651150000,PENGEMBANGAN,Charnic Capital Tbk. (NICK)
503,504,NICL,PAM Mineral Tbk.,2021-07-09 00:00:00,9662500000,Pengembangan,PAM Mineral Tbk. (NICL)
504,505,NIKL,Pelat Timah Nusantara Tbk.,14 Des 2009,2523350000,UTAMA,Pelat Timah Nusantara Tbk. (NIKL)
506,507,NIRO,City Retail Developments Tbk.,2012-09-13 00:00:00,22198871804,PENGEMBANGAN,City Retail Developments Tbk. (NIRO)
507,508,NISP,Bank OCBC NISP Tbk.,20 Okt 1994,22715776032,Utama,Bank OCBC NISP Tbk. (NISP)
508,509,NOBU,Bank Nationalnobu Tbk.,20 Mei 2013,4393604552,Utama,Bank Nationalnobu Tbk. (NOBU)
509,510,NPGF,Nusa Palapa Gemilang Tbk.,2021-04-14 00:00:00,3240235840,Utama,Nusa Palapa Gemilang Tbk. (NPGF)
510,511,NRCA,Nusa Raya Cipta Tbk.,2013-06-27 00:00:00,2496258344,UTAMA,Nusa Raya Cipta Tbk. (NRCA)
511,512,NUSA,Sinergi Megah Internusa Tbk.,2018-07-12 00:00:00,7700000148,Pengembangan,Sinergi Megah Internusa Tbk. (NUSA)
512,513,NZIA,Nusantara Almazia Tbk.,2019-09-25 00:00:00,2197540705,UTAMA,Nusantara Almazia Tbk. (NZIA)
513,514,OASA,Protech Mitra Perkasa Tbk.,2016-07-18 00:00:00,358600000,Pengembangan,Protech Mitra Perkasa Tbk. (OASA)
514,515,OBMD,OBM Drilchem Tbk.,08 Des 2021,732000000,Pengembangan,OBM Drilchem Tbk. (OBMD)
515,516,OCAP,Onix Capital Tbk.,10 Okt 2003,273200000,Pengembangan,Onix Capital Tbk. (OCAP)
516,517,OILS,Indo Oil Perkasa Tbk.,2021-09-06 00:00:00,454000000,Pengembangan,Indo Oil Perkasa Tbk. (OILS)
517,518,OKAS,Ancora Indonesia Resources Tbk,2006-03-29 00:00:00,1765927777,Pengembangan,Ancora Indonesia Resources Tbk (OKAS)
518,519,OMRE,Indonesia Prima Property Tbk,22 Ags 1994,1745000000,Pengembangan,Indonesia Prima Property Tbk (OMRE)
519,520,OPMS,Optima Prima Metal Sinergi Tbk,2019-09-23 00:00:00,1000000000,PENGEMBANGAN,Optima Prima Metal Sinergi Tbk (OPMS)
520,521,PADI,Minna Padi Investama Sekuritas,2012-01-09 00:00:00,11307246524,Utama,Minna Padi Investama Sekuritas (PADI)
521,522,PALM,Provident Agro Tbk.,08 Okt 2012,7119540356,Pengembangan,Provident Agro Tbk. (PALM)
522,523,PAMG,Bima Sakti Pertiwi Tbk.,2019-07-05 00:00:00,3125000000,Utama,Bima Sakti Pertiwi Tbk. (PAMG)
523,524,PANI,Pratama Abadi Nusa Industri Tb,2018-09-18 00:00:00,410000000,Pengembangan,Pratama Abadi Nusa Industri Tb (PANI)
524,525,PANR,Panorama Sentrawisata Tbk.,2001-09-18 00:00:00,1200000000,Utama,Panorama Sentrawisata Tbk. (PANR)
525,526,PANS,Panin Sekuritas Tbk.,31 Mei 2000,720000000,Utama,Panin Sekuritas Tbk. (PANS)
526,527,PBID,Panca Budi Idaman Tbk.,13 Des 2017,1875000000,Utama,Panca Budi Idaman Tbk. (PBID)
527,528,PBRX,Pan Brothers Tbk.,16 Ags 1990,6478295611,Utama,Pan Brothers Tbk. (PBRX)
528,529,PBSA,Paramita Bangun Sarana Tbk.,2016-09-28 00:00:00,1500000000,Utama,Paramita Bangun Sarana Tbk. (PBSA)
529,530,PCAR,Prima Cakrawala Abadi Tbk.,29 Des 2017,1166666700,Pengembangan,Prima Cakrawala Abadi Tbk. (PCAR)
530,531,PDES,Destinasi Tirta Nusantara Tbk,2008-07-08 00:00:00,715000000,Pengembangan,Destinasi Tirta Nusantara Tbk (PDES)
531,532,PEGE,Panca Global Kapital Tbk.,2005-06-24 00:00:00,2833417056,Pengembangan,Panca Global Kapital Tbk. (PEGE)
532,533,PEHA,Phapros Tbk.,26 Des 2018,840000000,UTAMA,Phapros Tbk. (PEHA)
533,534,PGAS,Perusahaan Gas Negara Tbk.,15 Des 2003,24241508196,Utama,Perusahaan Gas Negara Tbk. (PGAS)
534,535,PGJO,Tourindo Guide Indonesia Tbk.,2020-01-08 00:00:00,723859095,Akselerasi,Tourindo Guide Indonesia Tbk. (PGJO)
535,536,PGLI,Pembangunan Graha Lestari Inda,2000-04-05 00:00:00,488000000,PENGEMBANGAN,Pembangunan Graha Lestari Inda (PGLI)
536,537,PGUN,Pradiksi Gunatama Tbk.,2020-07-07 00:00:00,4998360000,Utama,Pradiksi Gunatama Tbk. (PGUN)
537,538,PICO,Pelangi Indah Canindo Tbk,1996-09-23 00:00:00,568375000,Pengembangan,Pelangi Indah Canindo Tbk (PICO)
538,539,PJAA,Pembangunan Jaya Ancol Tbk.,2004-07-02 00:00:00,1599999996,Utama,Pembangunan Jaya Ancol Tbk. (PJAA)
539,540,PKPK,Perdana Karya Perkasa Tbk,2007-07-11 00:00:00,600000000,Pengembangan,Perdana Karya Perkasa Tbk (PKPK)
540,541,PLAN,Planet Properindo Jaya Tbk.,2020-09-15 00:00:00,892856802,Akselerasi,Planet Properindo Jaya Tbk. (PLAN)
541,542,PLAS,Polaris Investama Tbk,2001-03-16 00:00:00,1184200000,PENGEMBANGAN,Polaris Investama Tbk (PLAS)
542,543,PLIN,Plaza Indonesia Realty Tbk.,1992-06-15 00:00:00,3550000000,Utama,Plaza Indonesia Realty Tbk. (PLIN)
543,544,PMJS,Putra Mandiri Jembar Tbk.,18 Des 2019,13755600000,Pengembangan,Putra Mandiri Jembar Tbk. (PMJS)
544,545,PMMP,Panca Mitra Multiperdana Tbk.,18 Des 2020,2353000000,Utama,Panca Mitra Multiperdana Tbk. (PMMP)
545,546,PNBN,Bank Pan Indonesia Tbk,29 Des 1982,23837645998,Utama,Bank Pan Indonesia Tbk (PNBN)
546,547,PNBS,Bank Panin Dubai Syariah Tbk.,2014-01-15 00:00:00,38425504906,Utama,Bank Panin Dubai Syariah Tbk. (PNBS)
547,548,PNGO,Pinago Utama Tbk.,31 Ags 2020,781250000,Pengembangan,Pinago Utama Tbk. (PNGO)
548,549,PNIN,Paninvest Tbk.,1983-09-20 00:00:00,4068323920,Utama,Paninvest Tbk. (PNIN)
549,550,PNLF,Panin Financial Tbk.,1983-06-14 00:00:00,32022073293,UTAMA,Panin Financial Tbk. (PNLF)
550,551,PNSE,Pudjiadi & Sons Tbk.,01 Mei 1990,797813496,Pengembangan,Pudjiadi & Sons Tbk. (PNSE)
551,552,POLA,Pool Advista Finance Tbk.,2018-11-16 00:00:00,2729385000,Pengembangan,Pool Advista Finance Tbk. (POLA)
552,553,POLI,Pollux Hotels Group Tbk.,2019-01-10 00:00:00,2010526400,Pengembangan,Pollux Hotels Group Tbk. (POLI)
553,554,POLL,Pollux Properties Indonesia Tb,2018-07-11 00:00:00,8318823600,Utama,Pollux Properties Indonesia Tb (POLL)
554,555,POLU,Golden Flower Tbk.,2019-06-26 00:00:00,750000000,Pengembangan,Golden Flower Tbk. (POLU)
555,556,POLY,Asia Pacific Fibers Tbk,1991-03-12 00:00:00,2495753334,Pengembangan,Asia Pacific Fibers Tbk (POLY)
556,557,POOL,Pool Advista Indonesia Tbk.,20 Mei 1991,2341366264,PENGEMBANGAN,Pool Advista Indonesia Tbk. (POOL)
557,558,PORT,Nusantara Pelabuhan Handal Tbk,2017-03-16 00:00:00,2813941985,Pengembangan,Nusantara Pelabuhan Handal Tbk (PORT)
558,559,POSA,Bliss Properti Indonesia Tbk.,10 Mei 2019,8388870206,Pengembangan,Bliss Properti Indonesia Tbk. (POSA)
559,560,POWR,Cikarang Listrindo Tbk.,2016-06-14 00:00:00,16087156000,Pengembangan,Cikarang Listrindo Tbk. (POWR)
560,561,PPGL,Prima Globalindo Logistik Tbk.,2020-07-20 00:00:00,750021341,Akselerasi,Prima Globalindo Logistik Tbk. (PPGL)
561,562,PPRE,PP Presisi Tbk.,2017-11-24 00:00:00,10224271000,Utama,PP Presisi Tbk. (PPRE)
562,563,PPRO,PP Properti Tbk.,19 Mei 2015,61675671883,Utama,PP Properti Tbk. (PPRO)
563,564,PRAS,Prima Alloy Steel Universal Tb,1990-07-12 00:00:00,701043478,Utama,Prima Alloy Steel Universal Tb (PRAS)
564,565,PRDA,Prodia Widyahusada Tbk.,07 Des 2016,937500000,Utama,Prodia Widyahusada Tbk. (PRDA)
565,566,PRIM,Royal Prima Tbk.,15 Mei 2018,3393434905,Pengembangan,Royal Prima Tbk. (PRIM)
566,567,PSAB,J Resources Asia Pasifik Tbk.,2003-04-22 00:00:00,26460000000,Pengembangan,J Resources Asia Pasifik Tbk. (PSAB)
567,568,PSDN,Prasidha Aneka Niaga Tbk,18 Okt 1994,1440000000,PENGEMBANGAN,Prasidha Aneka Niaga Tbk (PSDN)
568,569,PSGO,Palma Serasih Tbk.,2019-11-25 00:00:00,18850000000,PENGEMBANGAN,Palma Serasih Tbk. (PSGO)
569,570,PSKT,Red Planet Indonesia Tbk.,1995-09-19 00:00:00,10351231636,Pengembangan,Red Planet Indonesia Tbk. (PSKT)
570,571,PSSI,Pelita Samudera Shipping Tbk.,05 Des 2017,5417063153,Utama,Pelita Samudera Shipping Tbk. (PSSI)
571,572,PTBA,Bukit Asam Tbk.,23 Des 2002,11520659250,Utama,Bukit Asam Tbk. (PTBA)
572,573,PTDU,Djasa Ubersakti Tbk.,08 Des 2020,1500000000,Pengembangan,Djasa Ubersakti Tbk. (PTDU)
573,574,PTIS,Indo Straits Tbk.,2011-07-12 00:00:00,550165300,Utama,Indo Straits Tbk. (PTIS)
574,575,PTPP,PP (Persero) Tbk.,2010-02-09 00:00:00,6199897354,Utama,PP (Persero) Tbk. (PTPP)
575,576,PTPW,Pratama Widya Tbk.,2020-02-07 00:00:00,878187500,Pengembangan,Pratama Widya Tbk. (PTPW)
576,577,PTRO,Petrosea Tbk.,21 Mei 1990,1008605000,Utama,Petrosea Tbk. (PTRO)
577,578,PTSN,Sat Nusapersada Tbk,2007-11-08 00:00:00,5314344000,UTAMA,Sat Nusapersada Tbk (PTSN)
578,579,PTSP,Pioneerindo Gourmet Internatio,30 Mei 1994,220808000,PENGEMBANGAN,Pioneerindo Gourmet Internatio (PTSP)
579,580,PUDP,Pudjiadi Prestige Tbk.,1994-11-18 00:00:00,329560000,UTAMA,Pudjiadi Prestige Tbk. (PUDP)
580,581,PURA,Putra Rajawali Kencana Tbk.,2020-01-22 00:00:00,5862780409,Pengembangan,Putra Rajawali Kencana Tbk. (PURA)
581,582,PURE,Trinitan Metals and Minerals T,09 Okt 2019,1375181505,Utama,Trinitan Metals and Minerals T (PURE)
582,583,PURI,Puri Global Sukses Tbk.,2020-09-08 00:00:00,1000000000,Pengembangan,Puri Global Sukses Tbk. (PURI)
583,584,PWON,Pakuwon Jati Tbk.,09 Okt 1989,48159602400,UTAMA,Pakuwon Jati Tbk. (PWON)
584,585,PYFA,Pyridam Farma Tbk,16 Okt 2001,535080000,Pengembangan,Pyridam Farma Tbk (PYFA)
585,586,PZZA,Sarimelati Kencana Tbk.,23 Mei 2018,3021875000,UTAMA,Sarimelati Kencana Tbk. (PZZA)
586,587,RAJA,Rukun Raharja Tbk.,2006-04-19 00:00:00,4227082500,Utama,Rukun Raharja Tbk. (RAJA)
587,588,RALS,Ramayana Lestari Sentosa Tbk.,1996-07-24 00:00:00,7096000000,Utama,Ramayana Lestari Sentosa Tbk. (RALS)
588,589,RANC,Supra Boga Lestari Tbk.,2012-06-07 00:00:00,1564487500,Utama,Supra Boga Lestari Tbk. (RANC)
589,590,RBMS,Ristia Bintang Mahkotasejati T,19 Des 1997,2656212826,UTAMA,Ristia Bintang Mahkotasejati T (RBMS)
590,591,RDTX,Roda Vivatex Tbk,14 Mei 1990,268800000,Utama,Roda Vivatex Tbk (RDTX)
591,592,REAL,Repower Asia Indonesia Tbk.,06 Des 2019,6633610151,Pengembangan,Repower Asia Indonesia Tbk. (REAL)
592,593,RELI,Reliance Sekuritas Indonesia T,2005-07-13 00:00:00,1800000000,Utama,Reliance Sekuritas Indonesia T (RELI)
593,594,RICY,Ricky Putra Globalindo Tbk,1998-01-22 00:00:00,641717510,UTAMA,Ricky Putra Globalindo Tbk (RICY)
594,595,RIGS,Rig Tenders Indonesia Tbk.,1990-03-05 00:00:00,609130000,Pengembangan,Rig Tenders Indonesia Tbk. (RIGS)
595,596,RIMO,Rimo International Lestari Tbk,2000-11-10 00:00:00,45080600000,Pengembangan,Rimo International Lestari Tbk (RIMO)
596,597,RISE,Jaya Sukses Makmur Sentosa Tbk,2018-07-09 00:00:00,10945000000,Pengembangan,Jaya Sukses Makmur Sentosa Tbk (RISE)
597,598,RMBA,Bentoel Internasional Investam,1990-03-05 00:00:00,36401136250,Utama,Bentoel Internasional Investam (RMBA)
598,599,RMKE,RMK Energy Tbk.,07 Des 2021,4375000000,Utama,RMK Energy Tbk. (RMKE)
599,600,ROCK,Rockfields Properti Indonesia,2020-09-10 00:00:00,1435185100,Pengembangan,Rockfields Properti Indonesia (ROCK)
600,601,RODA,Pikko Land Development Tbk.,22 Okt 2001,13592128209,Pengembangan,Pikko Land Development Tbk. (RODA)
601,602,RONY,Aesler Grup Internasional Tbk.,2020-04-09 00:00:00,1250000000,PENGEMBANGAN,Aesler Grup Internasional Tbk. (RONY)
602,603,ROTI,Nippon Indosari Corpindo Tbk.,2010-06-28 00:00:00,6186488888,Utama,Nippon Indosari Corpindo Tbk. (ROTI)
603,604,RSGK,Kedoya Adyaraya Tbk.,2021-09-08 00:00:00,929675000,Utama,Kedoya Adyaraya Tbk. (RSGK)
604,605,RUIS,Radiant Utama Interinsco Tbk.,2006-07-12 00:00:00,770000000,Pengembangan,Radiant Utama Interinsco Tbk. (RUIS)
605,606,RUNS,Global Sukses Solusi Tbk.,2021-09-08 00:00:00,983557875,Akselerasi,Global Sukses Solusi Tbk. (RUNS)
606,607,SAFE,Steady Safe Tbk,15 Ags 1994,615145012,PENGEMBANGAN,Steady Safe Tbk (SAFE)
607,608,SAME,Sarana Meditama Metropolitan T,2013-01-11 00:00:00,17113987263,Pengembangan,Sarana Meditama Metropolitan T (SAME)
608,609,SAMF,Saraswanti Anugerah Makmur Tbk,2020-03-31 00:00:00,5125000000,Utama,Saraswanti Anugerah Makmur Tbk (SAMF)
609,610,SAPX,Satria Antaran Prima Tbk.,03 Okt 2018,833333300,Pengembangan,Satria Antaran Prima Tbk. (SAPX)
610,611,SATU,Kota Satu Properti Tbk.,2018-11-05 00:00:00,1375000000,PENGEMBANGAN,Kota Satu Properti Tbk. (SATU)
611,612,SBAT,Sejahtera Bintang Abadi Textil,2020-04-08 00:00:00,4752933207,Pengembangan,Sejahtera Bintang Abadi Textil (SBAT)
612,613,SBMA,Surya Biru Murni Acetylene Tbk,2021-09-08 00:00:00,928400000,Pengembangan,Surya Biru Murni Acetylene Tbk (SBMA)
613,614,SCCO,Supreme Cable Manufacturing &,1982-07-20 00:00:00,205583400,UTAMA,Supreme Cable Manufacturing & (SCCO)
614,615,SCMA,Surya Citra Media Tbk.,2002-07-16 00:00:00,73895456505,Utama,Surya Citra Media Tbk. (SCMA)
615,616,SCNP,Selaras Citra Nusantara Perkas,2020-09-07 00:00:00,2500000000,Pengembangan,Selaras Citra Nusantara Perkas (SCNP)
616,617,SCPI,Organon Pharma Indonesia Tbk.,1990-06-08 00:00:00,3600000,PENGEMBANGAN,Organon Pharma Indonesia Tbk. (SCPI)
617,618,SDMU,Sidomulyo Selaras Tbk.,2011-07-12 00:00:00,1135225000,Pengembangan,Sidomulyo Selaras Tbk. (SDMU)
618,619,SDPC,Millennium Pharmacon Internati,07 Mei 1990,1274000000,Utama,Millennium Pharmacon Internati (SDPC)
619,620,SDRA,Bank Woori Saudara Indonesia 1,15 Des 2006,8482552020,Utama,Bank Woori Saudara Indonesia 1 (SDRA)
620,621,SFAN,Surya Fajar Capital Tbk.,2019-06-19 00:00:00,1359934021,Pengembangan,Surya Fajar Capital Tbk. (SFAN)
621,622,SGER,Sumber Global Energy Tbk.,10 Ags 2020,1959408119,Pengembangan,Sumber Global Energy Tbk. (SGER)
622,623,SGRO,Sampoerna Agro Tbk.,2007-06-18 00:00:00,1890000000,Utama,Sampoerna Agro Tbk. (SGRO)
623,624,SHID,Hotel Sahid Jaya International,08 Mei 1990,1119326168,Pengembangan,Hotel Sahid Jaya International (SHID)
624,625,SHIP,Sillo Maritime Perdana Tbk.,2016-06-16 00:00:00,2719790000,Pengembangan,Sillo Maritime Perdana Tbk. (SHIP)
625,626,SIDO,Industri Jamu dan Farmasi Sido,18 Des 2013,30000000000,Utama,Industri Jamu dan Farmasi Sido (SIDO)
626,627,SILO,Siloam International Hospitals,2013-09-12 00:00:00,1625765625,Utama,Siloam International Hospitals (SILO)
627,628,SIMA,Siwani Makmur Tbk,1994-06-03 00:00:00,442589871,PENGEMBANGAN,Siwani Makmur Tbk (SIMA)
628,629,SIMP,Salim Ivomas Pratama Tbk.,2011-06-09 00:00:00,15816310000,Utama,Salim Ivomas Pratama Tbk. (SIMP)
629,630,SINI,Singaraja Putra Tbk.,2019-11-08 00:00:00,468300750,Pengembangan,Singaraja Putra Tbk. (SINI)
630,631,SIPD,Sreeya Sewu Indonesia Tbk.,27 Des 1996,1339102579,Pengembangan,Sreeya Sewu Indonesia Tbk. (SIPD)
631,632,SKBM,Sekar Bumi Tbk.,2012-09-28 00:00:00,1730103217,Pengembangan,Sekar Bumi Tbk. (SKBM)
632,633,SKLT,Sekar Laut Tbk.,1993-09-08 00:00:00,690740500,Pengembangan,Sekar Laut Tbk. (SKLT)
633,634,SKRN,Superkrane Mitra Utama Tbk.,11 Okt 2018,1500000000,PENGEMBANGAN,Superkrane Mitra Utama Tbk. (SKRN)
634,635,SKYB,Northcliff Citranusa Indonesia,2010-07-07 00:00:00,585000000,PENGEMBANGAN,Northcliff Citranusa Indonesia (SKYB)
635,636,SLIS,Gaya Abadi Sempurna Tbk.,07 Okt 2019,2000000000,Pengembangan,Gaya Abadi Sempurna Tbk. (SLIS)
636,637,SMAR,Smart Tbk.,1992-11-20 00:00:00,2872193366,Pengembangan,Smart Tbk. (SMAR)
637,638,SMBR,Semen Baturaja (Persero) Tbk.,2013-06-28 00:00:00,9932534336,Utama,Semen Baturaja (Persero) Tbk. (SMBR)
638,639,SMCB,Solusi Bangun Indonesia Tbk.,10 Ags 1977,9019381973,UTAMA,Solusi Bangun Indonesia Tbk. (SMCB)
639,640,SMDM,Suryamas Dutamakmur Tbk.,12 Okt 1995,4772138237,Pengembangan,Suryamas Dutamakmur Tbk. (SMDM)
640,641,SMDR,Samudera Indonesia Tbk.,1999-07-05 00:00:00,3275120000,Utama,Samudera Indonesia Tbk. (SMDR)
641,642,SMGR,Semen Indonesia (Persero) Tbk.,1991-07-08 00:00:00,5931520000,Utama,Semen Indonesia (Persero) Tbk. (SMGR)
642,643,SMKL,Satyamitra Kemas Lestari Tbk.,2019-07-11 00:00:00,3400141646,Utama,Satyamitra Kemas Lestari Tbk. (SMKL)
643,644,SMMA,Sinarmas Multiartha Tbk.,1995-07-05 00:00:00,6367664717,Utama,Sinarmas Multiartha Tbk. (SMMA)
644,645,SMMT,Golden Eagle Energy Tbk.,01 Des 1997,3150000000,PENGEMBANGAN,Golden Eagle Energy Tbk. (SMMT)
645,646,SMRA,Summarecon Agung Tbk.,07 Mei 1990,16508568358,Utama,Summarecon Agung Tbk. (SMRA)
646,647,SMRU,SMR Utama Tbk.,10 Okt 2011,12499385782,Pengembangan,SMR Utama Tbk. (SMRU)
647,648,SMSM,Selamat Sempurna Tbk.,1996-09-09 00:00:00,5758675440,Utama,Selamat Sempurna Tbk. (SMSM)
648,649,SNLK,Sunter Lakeside Hotel Tbk.,2021-03-29 00:00:00,450000000,Pengembangan,Sunter Lakeside Hotel Tbk. (SNLK)
649,650,SOCI,Soechi Lines Tbk.,03 Des 2014,7059000000,Utama,Soechi Lines Tbk. (SOCI)
650,651,SOFA,Boston Furniture Industries Tb,2020-07-07 00:00:00,1653574499,Akselerasi,Boston Furniture Industries Tb (SOFA)
651,652,SOHO,Soho Global Health Tbk.,2020-09-08 00:00:00,1269168239,Utama,Soho Global Health Tbk. (SOHO)
652,653,SONA,Sona Topas Tourism Industry Tb,1992-07-21 00:00:00,331200000,Utama,Sona Topas Tourism Industry Tb (SONA)
653,654,SOSS,Shield On Service Tbk.,2018-11-06 00:00:00,659063005,Pengembangan,Shield On Service Tbk. (SOSS)
654,655,SOTS,Satria Mega Kencana Tbk.,10 Des 2018,1000000075,Pengembangan,Satria Mega Kencana Tbk. (SOTS)
655,656,SPMA,Suparma Tbk.,1994-11-16 00:00:00,2791233198,UTAMA,Suparma Tbk. (SPMA)
656,657,SPTO,Surya Pertiwi Tbk.,14 Mei 2018,2700000000,Pengembangan,Surya Pertiwi Tbk. (SPTO)
657,658,SQMI,Wilton Makmur Indonesia Tbk.,2004-07-15 00:00:00,15537591429,Pengembangan,Wilton Makmur Indonesia Tbk. (SQMI)
658,659,SRAJ,Sejahteraraya Anugrahjaya Tbk.,2011-04-11 00:00:00,12000705445,Utama,Sejahteraraya Anugrahjaya Tbk. (SRAJ)
659,660,SRIL,Sri Rejeki Isman Tbk.,2013-06-17 00:00:00,20452176844,Utama,Sri Rejeki Isman Tbk. (SRIL)
660,661,SRSN,Indo Acidatama Tbk,1993-01-11 00:00:00,6020000000,Utama,Indo Acidatama Tbk (SRSN)
661,662,SRTG,Saratoga Investama Sedaya Tbk.,2013-06-26 00:00:00,13564835000,Utama,Saratoga Investama Sedaya Tbk. (SRTG)
662,663,SSIA,Surya Semesta Internusa Tbk.,1997-03-27 00:00:00,4705249440,Utama,Surya Semesta Internusa Tbk. (SSIA)
663,664,SSMS,Sawit Sumbermas Sarana Tbk.,12 Des 2013,9525000000,Utama,Sawit Sumbermas Sarana Tbk. (SSMS)
664,665,SSTM,Sunson Textile Manufacture Tbk,20 Ags 1997,1170909181,PENGEMBANGAN,Sunson Textile Manufacture Tbk (SSTM)
665,666,STAR,Buana Artha Anugerah Tbk.,2011-07-13 00:00:00,4800000602,UTAMA,Buana Artha Anugerah Tbk. (STAR)
666,667,STTP,Siantar Top Tbk.,16 Des 1996,1310000000,Pengembangan,Siantar Top Tbk. (STTP)
668,669,SULI,SLJ Global Tbk.,1994-03-21 00:00:00,3986916802,Utama,SLJ Global Tbk. (SULI)
669,670,SUPR,Solusi Tunas Pratama Tbk.,11 Okt 2011,1137579698,Pengembangan,Solusi Tunas Pratama Tbk. (SUPR)
670,671,SURE,Super Energy Tbk.,05 Okt 2018,1497576771,PENGEMBANGAN,Super Energy Tbk. (SURE)
671,672,SWAT,Sriwahana Adityakarta Tbk.,2018-06-08 00:00:00,3019200000,Pengembangan,Sriwahana Adityakarta Tbk. (SWAT)
672,673,TALF,Tunas Alfin Tbk.,2014-01-17 00:00:00,1353435000,PENGEMBANGAN,Tunas Alfin Tbk. (TALF)
673,674,TAMA,Lancartama Sejati Tbk.,2020-02-10 00:00:00,1000000005,PENGEMBANGAN,Lancartama Sejati Tbk. (TAMA)
674,675,TAMU,Pelayaran Tamarin Samudra Tbk.,10 Mei 2017,37500000000,Pengembangan,Pelayaran Tamarin Samudra Tbk. (TAMU)
675,676,TAPG,Triputra Agro Persada Tbk.,2021-04-12 00:00:00,19852540000,Utama,Triputra Agro Persada Tbk. (TAPG)
676,677,TARA,Agung Semesta Sejahtera Tbk.,2014-07-11 00:00:00,10069645750,UTAMA,Agung Semesta Sejahtera Tbk. (TARA)
677,678,TAXI,Express Transindo Utama Tbk.,2012-11-02 00:00:00,10223647156,Utama,Express Transindo Utama Tbk. (TAXI)
678,679,TAYS,Jaya Swarasa Agung Tbk.,06 Des 2021,1098920000,Pengembangan,Jaya Swarasa Agung Tbk. (TAYS)
679,680,TBIG,Tower Bersama Infrastructure T,26 Okt 2010,22656999445,Utama,Tower Bersama Infrastructure T (TBIG)
680,681,TBLA,Tunas Baru Lampung Tbk.,2000-02-14 00:00:00,5342098939,Utama,Tunas Baru Lampung Tbk. (TBLA)
681,682,TBMS,Tembaga Mulia Semanan Tbk.,23 Mei 1990,367340000,PENGEMBANGAN,Tembaga Mulia Semanan Tbk. (TBMS)
682,683,TCID,Mandom Indonesia Tbk.,1993-09-30 00:00:00,201066667,Utama,Mandom Indonesia Tbk. (TCID)
683,684,TCPI,Transcoal Pacific Tbk.,2018-07-06 00:00:00,5000000000,Pengembangan,Transcoal Pacific Tbk. (TCPI)
684,685,TDPM,Tridomain Performance Material,2018-04-09 00:00:00,10485050500,Utama,Tridomain Performance Material (TDPM)
685,686,TEBE,Dana Brata Luhur Tbk.,2019-11-18 00:00:00,1285000000,PENGEMBANGAN,Dana Brata Luhur Tbk. (TEBE)
686,687,TECH,Indosterling Technomedia Tbk.,2020-06-04 00:00:00,1256300000,Pengembangan,Indosterling Technomedia Tbk. (TECH)
687,688,TELE,Tiphone Mobile Indonesia Tbk.,2012-01-12 00:00:00,7302194889,Utama,Tiphone Mobile Indonesia Tbk. (TELE)
688,689,TFAS,Telefast Indonesia Tbk.,2019-09-17 00:00:00,1666666500,Pengembangan,Telefast Indonesia Tbk. (TFAS)
689,690,TFCO,Tifico Fiber Indonesia Tbk.,1980-02-26 00:00:00,4823076400,Pengembangan,Tifico Fiber Indonesia Tbk. (TFCO)
690,691,TGKA,Tigaraksa Satria Tbk.,1990-06-11 00:00:00,918492750,Pengembangan,Tigaraksa Satria Tbk. (TGKA)
691,692,TGRA,Terregra Asia Energy Tbk.,16 Mei 2017,2750000000,UTAMA,Terregra Asia Energy Tbk. (TGRA)
692,693,TIFA,KDB Tifa Finance Tbk.,2011-07-08 00:00:00,3552213000,Pengembangan,KDB Tifa Finance Tbk. (TIFA)
693,694,TINS,Timah Tbk.,19 Okt 1995,7447753454,Utama,Timah Tbk. (TINS)
694,695,TIRA,Tira Austenite Tbk,1993-07-27 00:00:00,588000000,Pengembangan,Tira Austenite Tbk (TIRA)
695,696,TIRT,Tirta Mahakam Resources Tbk,13 Des 1999,1011774750,Utama,Tirta Mahakam Resources Tbk (TIRT)
696,697,TKIM,Pabrik Kertas Tjiwi Kimia Tbk.,1990-04-03 00:00:00,3113223570,Utama,Pabrik Kertas Tjiwi Kimia Tbk. (TKIM)
697,698,TLKM,Telkom Indonesia (Persero) Tbk,1995-11-14 00:00:00,99062216600,Utama,Telkom Indonesia (Persero) Tbk (TLKM)
698,699,TMAS,Temas Tbk.,2003-07-09 00:00:00,5705150000,Utama,Temas Tbk. (TMAS)
699,700,TMPO,Tempo Intimedia Tbk.,2001-01-08 00:00:00,1058333250,PENGEMBANGAN,Tempo Intimedia Tbk. (TMPO)
700,701,TNCA,Trimuda Nuansa Citra Tbk.,2018-06-28 00:00:00,421640000,Pengembangan,Trimuda Nuansa Citra Tbk. (TNCA)
701,702,TOBA,TBS Energi Utama Tbk.,2012-07-06 00:00:00,8049964000,Utama,TBS Energi Utama Tbk. (TOBA)
702,703,TOPS,Totalindo Eka Persada Tbk.,2017-06-16 00:00:00,33330000000,Utama,Totalindo Eka Persada Tbk. (TOPS)
703,704,TOTL,Total Bangun Persada Tbk.,2006-07-25 00:00:00,3410000000,Utama,Total Bangun Persada Tbk. (TOTL)
704,705,TOTO,Surya Toto Indonesia Tbk.,30 Okt 1990,10320000000,Pengembangan,Surya Toto Indonesia Tbk. (TOTO)
705,706,TOWR,Sarana Menara Nusantara Tbk.,2010-03-08 00:00:00,51014625000,Utama,Sarana Menara Nusantara Tbk. (TOWR)
706,707,TOYS,Sunindo Adipersada Tbk.,06 Ags 2020,1435000048,Pengembangan,Sunindo Adipersada Tbk. (TOYS)
707,708,TPIA,Chandra Asri Petrochemical Tbk,26 Mei 2008,21627886273,Pengembangan,Chandra Asri Petrochemical Tbk (TPIA)
708,709,TPMA,Trans Power Marine Tbk.,2013-02-20 00:00:00,2633300000,Pengembangan,Trans Power Marine Tbk. (TPMA)
709,710,TRAM,Trada Alam Minera Tbk.,2008-09-10 00:00:00,49643627934,Utama,Trada Alam Minera Tbk. (TRAM)
711,712,TRIM,Trimegah Sekuritas Indonesia T,2000-01-31 00:00:00,7109300000,Utama,Trimegah Sekuritas Indonesia T (TRIM)
712,713,TRIN,Perintis Triniti Properti Tbk.,2020-01-15 00:00:00,4373555210,Pengembangan,Perintis Triniti Properti Tbk. (TRIN)
714,715,TRIS,Trisula International Tbk.,2012-06-28 00:00:00,3141443806,PENGEMBANGAN,Trisula International Tbk. (TRIS)
715,716,TRJA,Transkon Jaya Tbk.,27 Ags 2020,1510200000,Pengembangan,Transkon Jaya Tbk. (TRJA)
716,717,TRST,Trias Sentosa Tbk.,1990-07-02 00:00:00,2808000000,UTAMA,Trias Sentosa Tbk. (TRST)
717,718,True,Triniti Dinamik Tbk.,2021-06-10 00:00:00,7570862100,Pengembangan,Triniti Dinamik Tbk. (True)
718,719,TRUK,Guna Timur Raya Tbk.,23 Mei 2018,435000000,PENGEMBANGAN,Guna Timur Raya Tbk. (TRUK)
719,720,TRUS,Trust Finance Indonesia Tbk,2002-11-28 00:00:00,800000000,PENGEMBANGAN,Trust Finance Indonesia Tbk (TRUS)
720,721,TSPC,Tempo Scan Pacific Tbk.,1994-06-17 00:00:00,4509864300,Utama,Tempo Scan Pacific Tbk. (TSPC)
721,722,TUGU,Asuransi Tugu Pratama Indonesi,28 Mei 2018,1777777800,Pengembangan,Asuransi Tugu Pratama Indonesi (TUGU)
722,723,TURI,Tunas Ridean Tbk.,16 Mei 1995,5580000000,Utama,Tunas Ridean Tbk. (TURI)
723,724,UANG,Pakuan Tbk.,2020-07-06 00:00:00,1210000000,Pengembangan,Pakuan Tbk. (UANG)
724,725,UCID,Uni-Charm Indonesia Tbk.,20 Des 2019,4156572300,Utama,Uni-Charm Indonesia Tbk. (UCID)
725,726,UFOE,Damai Sejahtera Abadi Tbk.,2021-02-01 00:00:00,2287500000,Utama,Damai Sejahtera Abadi Tbk. (UFOE)
726,727,ULTJ,Ultra Jaya Milk Industry & Tra,1990-07-02 00:00:00,11553528000,Utama,Ultra Jaya Milk Industry & Tra (ULTJ)
727,728,UNIC,Unggul Indah Cahaya Tbk.,1989-11-06 00:00:00,383331363,Utama,Unggul Indah Cahaya Tbk. (UNIC)
728,729,UNIQ,Ulima Nitra Tbk.,2021-03-08 00:00:00,3138983000,UTAMA,Ulima Nitra Tbk. (UNIQ)
729,730,UNIT,Nusantara Inti Corpora Tbk,2002-04-18 00:00:00,75422200,PENGEMBANGAN,Nusantara Inti Corpora Tbk (UNIT)
730,731,UNSP,Bakrie Sumatera Plantations Tb,1990-03-06 00:00:00,2500162344,Utama,Bakrie Sumatera Plantations Tb (UNSP)
731,732,UNTR,United Tractors Tbk.,1989-09-19 00:00:00,3730135136,UTAMA,United Tractors Tbk. (UNTR)
732,733,UNVR,Unilever Indonesia Tbk.,1982-01-11 00:00:00,38150000000,Utama,Unilever Indonesia Tbk. (UNVR)
733,734,URBN,Urban Jakarta Propertindo Tbk.,10 Des 2018,3232122640,Pengembangan,Urban Jakarta Propertindo Tbk. (URBN)
734,735,UVCR,Trimegah Karya Pratama Tbk.,2021-07-27 00:00:00,2000000000,Akselerasi,Trimegah Karya Pratama Tbk. (UVCR)
735,736,VICI,Victoria Care Indonesia Tbk.,17 Des 2020,6708000000,Utama,Victoria Care Indonesia Tbk. (VICI)
736,737,VICO,Victoria Investama Tbk.,2013-07-08 00:00:00,9150094680,Utama,Victoria Investama Tbk. (VICO)
737,738,VINS,Victoria Insurance Tbk.,2015-09-28 00:00:00,1460573616,PENGEMBANGAN,Victoria Insurance Tbk. (VINS)
738,739,VIVA,Visi Media Asia Tbk.,2011-11-21 00:00:00,16464270400,UTAMA,Visi Media Asia Tbk. (VIVA)
739,740,VOKS,Voksel Electric Tbk.,20 Des 1990,4155602595,Utama,Voksel Electric Tbk. (VOKS)
740,741,VRNA,Verena Multi Finance Tbk.,2008-06-25 00:00:00,5687353997,Pengembangan,Verena Multi Finance Tbk. (VRNA)
741,742,WAPO,Wahana Pronatural Tbk.,2001-06-22 00:00:00,1240923111,Pengembangan,Wahana Pronatural Tbk. (WAPO)
742,743,WEGE,Wijaya Karya Bangunan Gedung T,2017-11-30 00:00:00,9572000000,Utama,Wijaya Karya Bangunan Gedung T (WEGE)
743,744,WEHA,WEHA Transportasi Indonesia Tb,31 Mei 2007,886411265,Utama,WEHA Transportasi Indonesia Tb (WEHA)
744,745,WGSH,Wira Global Solusi Tbk.,06 Des 2021,1042500000,Akselerasi,Wira Global Solusi Tbk. (WGSH)
745,746,WICO,Wicaksana Overseas Internation,08 Ags 1994,1268950977,Pengembangan,Wicaksana Overseas Internation (WICO)
746,747,WIFI,Solusi Sinergi Digital Tbk.,30 Des 2020,2050292286,Pengembangan,Solusi Sinergi Digital Tbk. (WIFI)
747,748,WIIM,Wismilak Inti Makmur Tbk.,18 Des 2012,2099873760,UTAMA,Wismilak Inti Makmur Tbk. (WIIM)
748,749,WIKA,Wijaya Karya (Persero) Tbk.,29 Okt 2007,8969951372,Utama,Wijaya Karya (Persero) Tbk. (WIKA)
749,750,WINS,Wintermar Offshore Marine Tbk.,2010-11-29 00:00:00,4339087057,Utama,Wintermar Offshore Marine Tbk. (WINS)
750,751,WMPP,Widodo Makmur Perkasa Tbk.,06 Des 2021,29419000000,Utama,Widodo Makmur Perkasa Tbk. (WMPP)
751,752,WMUU,Widodo Makmur Unggas Tbk.,2021-02-02 00:00:00,12941176500,Utama,Widodo Makmur Unggas Tbk. (WMUU)
752,753,WOMF,Wahana Ottomitra Multiartha Tb,13 Des 2004,3481481480,Utama,Wahana Ottomitra Multiartha Tb (WOMF)
753,754,WOOD,Integra Indocabinet Tbk.,2017-06-21 00:00:00,6362500000,Utama,Integra Indocabinet Tbk. (WOOD)
754,755,WOWS,Ginting Jaya Energi Tbk.,2019-11-08 00:00:00,2475720000,PENGEMBANGAN,Ginting Jaya Energi Tbk. (WOWS)
755,756,WSBP,Waskita Beton Precast Tbk.,2016-09-20 00:00:00,26361157534,Utama,Waskita Beton Precast Tbk. (WSBP)
756,757,WSKT,Waskita Karya (Persero) Tbk.,19 Des 2012,13573951000,Utama,Waskita Karya (Persero) Tbk. (WSKT)
757,758,WTON,Wijaya Karya Beton Tbk.,2014-04-08 00:00:00,8715466600,Utama,Wijaya Karya Beton Tbk. (WTON)
758,759,YELO,Yelooo Integra Datanet Tbk.,29 Okt 2018,1912774405,Pengembangan,Yelooo Integra Datanet Tbk. (YELO)
759,760,YPAS,Yanaprima Hastapersada Tbk,2008-03-05 00:00:00,668000089,Pengembangan,Yanaprima Hastapersada Tbk (YPAS)
760,761,YULE,Yulie Sekuritas Indonesia Tbk.,10 Des 2004,1785000000,PENGEMBANGAN,Yulie Sekuritas Indonesia Tbk. (YULE)
761,762,ZBRA,Zebra Nusantara Tbk,01 Ags 1991,2510706263,Pengembangan,Zebra Nusantara Tbk (ZBRA)
762,763,ZINC,Kapuas Prima Coal Tbk.,16 Okt 2017,25250000000,Pengembangan,Kapuas Prima Coal Tbk. (ZINC)
763,764,ZONE,Mega Perintis Tbk.,12 Des 2018,870171478,PENGEMBANGAN,Mega Perintis Tbk. (ZONE)
764,765,ZYRX,Zyrexindo Mandiri Buana Tbk.,2021-03-30 00:00:00,1333333300,Pengembangan,Zyrexindo Mandiri Buana Tbk. (ZYRX)
